Date,Dernier ((EUR/MWh),Ouv., Plus Haut,Plus Bas
23/10/2017,"18,09","18,09","18,09","18,09"
24/10/2017,"17,96","17,96","17,96","17,96"
25/10/2017,"18,11","18,11","18,11","18,11"
26/10/2017,"18,07","18,07","18,07","18,07"
27/10/2017,"18,15","18,15","18,15","18,15"
30/10/2017,"18,11","18,11","18,11","18,11"
31/10/2017,"18,285","18,285","18,285","18,285"
01/11/2017,"18,55","18,55","18,55","18,55"
02/11/2017,"18,58","18,58","18,58","18,58"
03/11/2017,"18,31","18,31","18,31","18,31"
06/11/2017,"19,01","19,01","19,01","19,01"
07/11/2017,"19,325","19,325","19,325","19,325"
08/11/2017,"19,38","19,38","19,38","19,38"
09/11/2017,"19,515","19,515","19,515","19,515"
10/11/2017,"19,82","19,82","19,82","19,82"
13/11/2017,"19,905","19,905","19,905","19,905"
14/11/2017,"19,335","19,335","19,335","19,335"
15/11/2017,"19,015","19,015","19,015","19,015"
16/11/2017,"19,2","19,2","19,2","19,2"
17/11/2017,"18,95","18,95","18,95","18,95"
20/11/2017,"19,5","19,5","19,5","19,5"
21/11/2017,"19,84","19,84","19,84","19,84"
22/11/2017,"19,7","19,7","19,7","19,7"
24/11/2017,"20,455","20,455","20,455","20,455"
27/11/2017,"20,68","20,68","20,68","20,68"
28/11/2017,"20,28","20,28","20,28","20,28"
29/11/2017,"20,35","20,35","20,35","20,35"
30/11/2017,"20,305","20,305","20,305","20,305"
01/12/2017,"20,79","20,79","20,79","20,79"
04/12/2017,"21,375","21,375","21,375","21,375"
05/12/2017,"21,405","21,405","21,405","21,405"
06/12/2017,"21,165","21,165","21,165","21,165"
07/12/2017,"21,265","21,265","21,265","21,265"
08/12/2017,"20,89","20,89","20,89","20,89"
11/12/2017,"21,135","21,135","21,135","21,135"
12/12/2017,"21,73","21,73","21,73","21,73"
13/12/2017,"20,675","20,675","20,675","20,675"
14/12/2017,"21,025","21,025","21,025","21,025"
15/12/2017,"21,01","21,01","21,01","21,01"
18/12/2017,"20,46","20,46","20,46","20,46"
19/12/2017,"19,95","19,95","19,95","19,95"
20/12/2017,"20,295","20,295","20,295","20,295"
21/12/2017,20,20,20,20
22/12/2017,"19,665","19,665","19,665","19,665"
26/12/2017,"19,665","19,665","19,665","19,665"
27/12/2017,"19,19","19,19","19,19","19,19"
28/12/2017,"19,705","19,705","19,705","19,705"
29/12/2017,"19,62","19,62","19,62","19,62"
02/01/2018,"19,32","19,32","19,32","19,32"
03/01/2018,"19,325","19,325","19,325","19,325"
04/01/2018,"19,2","19,2","19,2","19,2"
05/01/2018,"18,915","18,915","18,915","18,915"
08/01/2018,"19,05","19,05","19,05","19,05"
09/01/2018,"19,435","19,435","19,435","19,435"
10/01/2018,"19,325","19,325","19,325","19,325"
11/01/2018,"19,32","19,32","19,32","19,32"
12/01/2018,"19,805","19,805","19,805","19,805"
16/01/2018,"18,9","18,9","18,9","18,9"
17/01/2018,"18,44","18,44","18,44","18,44"
18/01/2018,"18,35","18,35","18,35","18,35"
19/01/2018,"18,19","18,19","18,19","18,19"
22/01/2018,"18,545","18,545","18,545","18,545"
23/01/2018,"18,2","18,2","18,2","18,2"
24/01/2018,"17,79","17,79","17,79","17,79"
25/01/2018,"17,78","17,78","17,78","17,78"
26/01/2018,"17,78","17,78","17,78","17,78"
29/01/2018,"17,395","17,395","17,395","17,395"
30/01/2018,"17,41","17,41","17,41","17,41"
31/01/2018,"17,88","17,88","17,88","17,88"
01/02/2018,"18,15","18,15","18,15","18,15"
02/02/2018,"18,16","18,16","18,16","18,16"
05/02/2018,"17,59","17,59","17,59","17,59"
06/02/2018,"17,88","17,88","17,88","17,88"
07/02/2018,"18,155","18,155","18,155","18,155"
08/02/2018,"17,74","17,74","17,74","17,74"
09/02/2018,"17,9","17,9","17,9","17,9"
12/02/2018,"17,95","17,95","17,95","17,95"
13/02/2018,"18,305","18,305","18,305","18,305"
14/02/2018,"18,075","18,075","18,075","18,075"
15/02/2018,"17,79","17,79","17,79","17,79"
16/02/2018,"18,165","18,165","18,165","18,165"
20/02/2018,"19,77","19,77","19,77","19,77"
21/02/2018,"19,78","19,78","19,78","19,78"
22/02/2018,"19,94","19,94","19,94","19,94"
23/02/2018,"20,41","20,41","20,41","20,41"
26/02/2018,"18,69","18,69","18,69","18,69"
27/02/2018,"19,195","19,195","19,195","19,195"
28/02/2018,"17,35","17,35","17,35","17,35"
01/03/2018,"17,56","17,56","17,56","17,56"
02/03/2018,"17,805","17,805","17,805","17,805"
05/03/2018,"17,515","17,515","17,515","17,515"
06/03/2018,"17,7","17,7","17,7","17,7"
07/03/2018,"17,83","17,83","17,83","17,83"
08/03/2018,"18,315","18,315","18,315","18,315"
09/03/2018,"18,94","18,94","18,94","18,94"
12/03/2018,"19,71","19,71","19,71","19,71"
13/03/2018,"19,465","19,465","19,465","19,465"
14/03/2018,"18,615","18,615","18,615","18,615"
15/03/2018,"18,8","18,8","18,8","18,8"
16/03/2018,"18,655","18,655","18,655","18,655"
19/03/2018,"18,7","18,7","18,7","18,7"
20/03/2018,"19,175","19,175","19,175","19,175"
21/03/2018,"19,39","19,39","19,39","19,39"
22/03/2018,"19,01","19,01","19,01","19,01"
23/03/2018,"18,445","18,445","18,445","18,445"
26/03/2018,"17,99","17,99","17,99","17,99"
27/03/2018,"18,495","18,495","18,495","18,495"
28/03/2018,"18,37","18,37","18,37","18,37"
29/03/2018,"18,225","18,225","18,225","18,225"
02/04/2018,"18,225","18,225","18,225","18,225"
03/04/2018,"18,04","18,04","18,04","18,04"
04/04/2018,"18,185","18,185","18,185","18,185"
05/04/2018,"18,13","18,13","18,13","18,13"
06/04/2018,"18,18","18,18","18,18","18,18"
09/04/2018,"18,645","18,645","18,645","18,645"
10/04/2018,"18,84","18,84","18,84","18,84"
11/04/2018,"19,255","19,255","19,255","19,255"
12/04/2018,"19,215","19,215","19,215","19,215"
13/04/2018,"19,57","19,57","19,57","19,57"
16/04/2018,"19,35","19,35","19,35","19,35"
17/04/2018,"19,015","19,015","19,015","19,015"
18/04/2018,"19,31","19,31","19,31","19,31"
19/04/2018,"19,86","19,52","19,52","19,52"
20/04/2018,"19,8","19,835","19,835","19,835"
23/04/2018,"19,89","19,89","19,89","19,89"
24/04/2018,"19,675","19,635","19,635","19,625"
25/04/2018,"19,88","19,55","19,56","19,55"
26/04/2018,"20,15","20,15","20,15","20,15"
27/04/2018,"20,265","20,265","20,265","20,265"
30/04/2018,"20,56","20,56","20,56","20,56"
01/05/2018,"20,095","20,095","20,095","20,095"
02/05/2018,"19,865","19,865","19,865","19,865"
03/05/2018,"19,95","19,95","19,95","19,95"
04/05/2018,"20,42","20,42","20,42","20,42"
07/05/2018,"20,42","20,42","20,42","20,42"
08/05/2018,"20,6","20,6","20,6","20,6"
09/05/2018,"20,845","21,135","21,135","20,84"
10/05/2018,"21,005","21,005","21,005","21,005"
11/05/2018,"21,265","21,265","21,265","21,265"
14/05/2018,"21,625","21,625","21,625","21,625"
15/05/2018,"21,54","21,54","21,54","21,54"
16/05/2018,"21,67","21,395","21,395","21,395"
17/05/2018,"22,3","22,3","22,3","22,3"
18/05/2018,"22,055","22,055","22,055","22,055"
21/05/2018,"22,375","22,375","22,375","22,375"
22/05/2018,"22,905","22,905","22,905","22,905"
23/05/2018,"22,715","22,715","22,715","22,715"
24/05/2018,"22,695","22,695","22,695","22,695"
25/05/2018,"21,805","22,26","22,26","22,13"
29/05/2018,"22,655","22,655","22,655","22,655"
30/05/2018,"22,985","22,985","22,985","22,985"
31/05/2018,"22,58","22,58","22,58","22,58"
01/06/2018,"21,775","21,775","21,775","21,775"
04/06/2018,"21,905","21,905","21,905","21,905"
05/06/2018,"21,43","21,43","21,43","21,43"
06/06/2018,"21,32","21,32","21,32","21,32"
07/06/2018,"21,665","21,665","21,665","21,665"
08/06/2018,"21,54","21,54","21,54","21,54"
11/06/2018,"21,35","21,35","21,35","21,35"
12/06/2018,"21,785","21,785","21,785","21,785"
13/06/2018,"22,38","22,38","22,38","22,38"
14/06/2018,"22,355","22,355","22,355","22,355"
15/06/2018,"21,75","21,75","21,75","21,75"
18/06/2018,"22,14","22,14","22,14","22,14"
19/06/2018,"21,695","21,695","21,695","21,695"
20/06/2018,"21,5","21,5","21,5","21,5"
21/06/2018,"21,545","21,545","21,545","21,545"
22/06/2018,"21,655","21,655","21,655","21,655"
25/06/2018,"21,545","21,63","21,63","21,63"
26/06/2018,"21,495","21,495","21,495","21,495"
27/06/2018,"22,035","22,035","22,035","22,035"
28/06/2018,"21,96","21,96","21,96","21,96"
29/06/2018,"21,875","21,875","21,875","21,875"
02/07/2018,"22,24","22,24","22,24","22,24"
03/07/2018,"22,26","22,26","22,26","22,26"
05/07/2018,"22,465","22,465","22,465","22,465"
06/07/2018,"22,355","22,355","22,355","22,355"
09/07/2018,"22,73","22,73","22,73","22,73"
10/07/2018,"22,73","22,73","22,73","22,73"
11/07/2018,"22,58","22,58","22,58","22,58"
12/07/2018,"21,97","21,97","21,97","21,97"
13/07/2018,"22,265","22,265","22,265","22,265"
16/07/2018,"22,02","22,02","22,02","22,02"
17/07/2018,"21,85","21,85","21,85","21,85"
18/07/2018,"22,14","22,14","22,14","22,14"
19/07/2018,"22,155","22,3","22,3","22,3"
20/07/2018,"21,875","21,875","21,875","21,875"
23/07/2018,"22,03","22,03","22,03","22,03"
24/07/2018,"22,095","22,095","22,095","22,095"
25/07/2018,"22,17","22,17","22,17","22,17"
26/07/2018,"22,115","22,115","22,115","22,115"
27/07/2018,"21,89","21,89","21,89","21,89"
30/07/2018,"22,06","22,06","22,06","22,06"
31/07/2018,"22,115","22,115","22,115","22,115"
01/08/2018,"21,93","21,93","21,93","21,93"
02/08/2018,"21,935",22,22,22
03/08/2018,"22,26","22,26","22,26","22,26"
06/08/2018,"22,5","22,5","22,5","22,5"
07/08/2018,"22,61","22,8","22,8","22,775"
08/08/2018,"22,6","22,675","22,675","22,65"
09/08/2018,"22,715","22,775","22,8","22,775"
10/08/2018,"22,88","22,625","22,625","22,595"
13/08/2018,"23,5","23,5","23,5","23,5"
14/08/2018,"23,725","23,78","23,78","23,78"
15/08/2018,"23,52","23,525","23,525","23,47"
16/08/2018,"23,835","23,88","23,88","23,85"
17/08/2018,"24,155","24,16","24,185","24,16"
20/08/2018,"24,18","23,915","24,18","23,82"
21/08/2018,"24,405","24,405","24,405","24,405"
22/08/2018,"24,45","24,725","24,725","24,41"
23/08/2018,"24,76","24,825","24,825","24,71"
24/08/2018,"24,975","24,875","24,895","24,875"
27/08/2018,"25,41","25,41","25,41","25,41"
28/08/2018,"25,36","25,5","25,5","25,5"
29/08/2018,"25,87","25,87","25,87","25,87"
30/08/2018,"26,13","26,13","26,13","26,13"
31/08/2018,"25,835","26,025","26,025","26,025"
04/09/2018,"26,71","26,965","26,965","26,665"
05/09/2018,"27,02","27,02","27,02","27,02"
06/09/2018,"27,455","27,42","27,42","27,41"
07/09/2018,"27,99","28,025","28,025","28,025"
10/09/2018,"29,125","28,59","28,775","28,54"
11/09/2018,"28,78","28,27","28,65","28,25"
12/09/2018,"27,495","27,64","28,145","27,46"
13/09/2018,"26,81","27,335","27,375","26,655"
14/09/2018,"26,93","27,025","27,11","26,785"
17/09/2018,"28,075","28,195","28,195","27,815"
18/09/2018,"27,41","27,585","27,585","27,275"
19/09/2018,"28,32","27,735","28,38","27,735"
20/09/2018,"28,59","28,83","29,07","28,595"
21/09/2018,"28,725","28,105","28,79","28,055"
24/09/2018,"29,245","29,49","29,56","29,3"
25/09/2018,"29,23","29,355","29,535","28,815"
26/09/2018,"28,26","28,26","28,26","28,26"
27/09/2018,"27,575","27,575","27,575","27,575"
28/09/2018,"27,33","27,9","27,9","27,445"
01/10/2018,"27,445","26,735","27,355","26,585"
02/10/2018,"27,255","27,86","27,86","27,425"
03/10/2018,"27,115","27,115","27,115","27,115"
04/10/2018,"27,47","27,47","27,47","27,47"
05/10/2018,"27,9","27,9","27,9","27,9"
08/10/2018,"27,22","27,22","27,22","27,22"
09/10/2018,"26,835","26,835","26,835","26,835"
10/10/2018,"26,22","26,625","26,625","26,625"
11/10/2018,"25,76","25,925","25,925","25,925"
12/10/2018,"26,63","26,63","26,63","26,63"
15/10/2018,"26,625","27,05","27,05","27,05"
16/10/2018,"26,33","26,33","26,33","26,33"
17/10/2018,"25,94","25,625","25,625","25,625"
18/10/2018,"26,025","26,025","26,025","26,025"
19/10/2018,"26,86","26,86","26,86","26,86"
22/10/2018,"26,115","26,115","26,115","26,115"
23/10/2018,"25,665","25,665","25,665","25,665"
24/10/2018,"25,26","25,26","25,26","25,26"
25/10/2018,"24,865","24,865","24,865","24,865"
26/10/2018,"24,28","24,28","24,28","24,28"
29/10/2018,"24,58","24,58","24,58","24,58"
30/10/2018,"23,875","23,875","23,875","23,875"
31/10/2018,"24,335","24,335","24,335","24,335"
01/11/2018,"23,65","23,975","23,975","23,975"
02/11/2018,"24,285","23,905","23,97","23,905"
05/11/2018,"23,81","23,81","23,81","23,81"
06/11/2018,"23,895","23,625","23,77","23,625"
07/11/2018,"24,42","24,33","24,445","24,33"
08/11/2018,"24,43","24,63","24,63","24,63"
09/11/2018,"24,325","24,76","24,76","24,545"
12/11/2018,"25,955","25,625","25,905","25,625"
13/11/2018,"26,52","26,235","26,58","26,235"
14/11/2018,"26,28","26,26","26,475","26,26"
15/11/2018,"26,675","26,15","26,72","26,15"
16/11/2018,"25,955","26,725","26,725","25,65"
19/11/2018,"24,15","24,31","24,39","24,31"
20/11/2018,"24,35","24,43","24,5","24,265"
21/11/2018,"24,5","24,195","24,42","24,195"
23/11/2018,"24,82","24,035","25,17","24,035"
26/11/2018,"24,545","24,27","24,55","24,115"
27/11/2018,"25,16","24,795","24,995","24,79"
28/11/2018,"24,3","24,4","24,4","24,4"
29/11/2018,"24,635","24,635","24,635","24,635"
30/11/2018,"24,69","24,69","24,69","24,69"
03/12/2018,"25,085","25,085","25,085","25,085"
04/12/2018,"24,415","24,395","24,395","24,375"
05/12/2018,"23,82","24,11","24,11","24,11"
06/12/2018,"23,165","23,305","23,395","23,135"
07/12/2018,"23,145","22,84","23,175","22,84"
10/12/2018,"23,25","23,265","23,3","23,265"
11/12/2018,"23,62","23,545","23,63","23,545"
12/12/2018,"23,92","24,05","24,19","24,05"
13/12/2018,"24,225","24,375","24,375","24,375"
14/12/2018,"24,645","24,665","24,79","24,66"
17/12/2018,"24,68","24,65","24,65","24,65"
18/12/2018,"23,73","24,035","24,035","23,725"
19/12/2018,"24,21","24,21","24,21","24,21"
20/12/2018,"24,605","24,605","24,605","24,605"
21/12/2018,"24,9","24,65","24,745","24,65"
24/12/2018,"24,245","24,735","24,76","24,275"
26/12/2018,"24,245","24,245","24,245","24,245"
27/12/2018,"23,32","23,32","23,32","23,32"
28/12/2018,"22,81","22,81","22,81","22,81"
31/12/2018,"21,98","22,26","22,26","22,18"
02/01/2019,"22,475","22,28","22,55","22,145"
03/01/2019,"22,255","22,215","22,215","22,115"
04/01/2019,"22,93","22,845","22,955","22,81"
07/01/2019,"21,53","21,91","21,91","21,47"
08/01/2019,"22,09","22,165","22,165","22,165"
09/01/2019,"21,72","22,515","22,515","21,745"
10/01/2019,"21,675","21,705","21,705","21,705"
11/01/2019,"22,255","22,39","22,39","22,085"
14/01/2019,"21,675","21,91","21,91","21,685"
15/01/2019,22,"22,035","22,035","21,945"
16/01/2019,"22,005","22,3","22,3","22,095"
17/01/2019,"22,995","22,64","23,135","22,64"
18/01/2019,"22,605","22,84","23,015","22,525"
22/01/2019,"21,815","21,805","21,885","21,605"
23/01/2019,"22,19","22,225","22,3","22,13"
24/01/2019,"21,28","21,72","21,815","21,36"
25/01/2019,"20,89","20,735","20,895","20,69"
28/01/2019,"20,55","20,52","20,52","20,5"
29/01/2019,"20,585","20,6","20,6","20,6"
30/01/2019,"20,18","20,18","20,18","20,18"
31/01/2019,"19,85","19,665","19,665","19,665"
01/02/2019,"19,3","19,3","19,3","19,3"
04/02/2019,"19,355","19,355","19,355","19,355"
05/02/2019,"19,14","19,14","19,14","19,14"
06/02/2019,"18,915","19,075","19,15","18,95"
07/02/2019,"18,91","19,185","19,185","18,86"
08/02/2019,"18,265","18,515","18,515","18,265"
11/02/2019,"18,055","17,825","18,125","17,75"
12/02/2019,"17,785",18,18,"17,875"
13/02/2019,"18,02","17,8","17,875","17,8"
14/02/2019,"17,755","18,165","18,165","17,81"
15/02/2019,"18,1","18,1","18,1","18,1"
19/02/2019,"17,705","17,75","17,83","17,75"
20/02/2019,"18,145","18,145","18,145","18,145"
21/02/2019,"17,52","17,52","17,52","17,52"
22/02/2019,"17,23","17,23","17,23","17,23"
25/02/2019,"16,945",17,17,17
26/02/2019,"17,045","17,045","17,045","17,045"
27/02/2019,"17,615","17,325","17,635","17,325"
28/02/2019,"17,815","17,815","17,815","17,815"
01/03/2019,"17,32","17,32","17,32","17,32"
04/03/2019,"17,4","17,375","17,5","17,375"
05/03/2019,"17,18","17,475","17,475","17,175"
06/03/2019,"16,85","17,025","17,05",17
07/03/2019,"16,87","16,95","16,95","16,75"
08/03/2019,"16,73","16,85","16,85","16,72"
11/03/2019,"16,625","16,7","16,7","16,59"
12/03/2019,"16,21","16,425","16,525","16,05"
13/03/2019,"15,725","15,725","15,725","15,725"
14/03/2019,"15,605","15,825","15,825","15,6"
15/03/2019,"15,25","15,485","15,485","15,275"
18/03/2019,"14,98","14,9","15,175","14,9"
19/03/2019,"15,005","15,2","15,25","14,975"
20/03/2019,"15,215","15,075","15,075","15,075"
21/03/2019,"14,565","14,92","14,92","14,55"
22/03/2019,"14,455","14,425","14,455","14,355"
25/03/2019,"14,185","14,185","14,185","14,175"
26/03/2019,"14,385","14,2","14,415","14,2"
27/03/2019,"14,995","14,5","14,675","14,5"
28/03/2019,"14,43","14,8","14,875","14,8"
29/03/2019,"14,215","14,225","14,225","14,225"
01/04/2019,"13,845","13,845","13,845","13,845"
02/04/2019,"13,455","13,455","13,455","13,455"
03/04/2019,"14,19","13,7","13,7","13,7"
04/04/2019,"14,805","14,6","14,6","14,6"
05/04/2019,"16,635","16,635","16,635","16,635"
08/04/2019,"15,965","16,575","16,95","16,2"
09/04/2019,"16,755","16,755","16,755","16,755"
10/04/2019,"15,73","15,73","15,73","15,73"
11/04/2019,"15,995","15,55","15,9","15,55"
12/04/2019,"15,855","15,895","15,9","15,8"
15/04/2019,"15,01","15,64","15,64","15,285"
16/04/2019,"14,835","14,85","14,85","14,85"
17/04/2019,"15,195","15,195","15,195","15,195"
18/04/2019,"14,46",15,15,15
22/04/2019,"14,46","14,46","14,46","14,46"
23/04/2019,"14,42","14,105","14,5","14,105"
24/04/2019,"14,265","14,425","14,425","14,425"
25/04/2019,"14,535","14,535","14,535","14,535"
26/04/2019,"14,425","14,725","14,775","14,675"
29/04/2019,"14,525","14,525","14,525","14,525"
30/04/2019,"14,39","14,425","14,425","14,425"
01/05/2019,"14,055","14,1","14,1","14,05"
02/05/2019,"14,365","14,365","14,365","14,365"
03/05/2019,"14,565","14,565","14,565","14,565"
06/05/2019,"14,335","14,335","14,335","14,335"
07/05/2019,"14,155","14,325","14,325","14,125"
08/05/2019,"14,32","14,175","14,35","14,15"
09/05/2019,"14,455","14,455","14,455","14,455"
10/05/2019,"13,995","13,995","13,995","13,995"
13/05/2019,"13,76","13,76","13,76","13,76"
14/05/2019,"13,785","13,785","13,785","13,785"
15/05/2019,"13,855","13,855","13,855","13,855"
16/05/2019,"13,385","13,385","13,385","13,385"
17/05/2019,"12,855","12,935","12,935","12,935"
20/05/2019,"12,905","12,905","12,905","12,905"
21/05/2019,"12,705","12,6","12,6","12,6"
22/05/2019,"12,65","12,885","12,885","12,885"
23/05/2019,"12,595","12,595","12,595","12,595"
24/05/2019,"12,25","12,435","12,435","12,415"
28/05/2019,"12,52","12,52","12,52","12,52"
29/05/2019,"12,225","12,225","12,225","12,225"
30/05/2019,"11,475","11,475","11,475","11,475"
31/05/2019,"11,205","11,205","11,205","11,205"
03/06/2019,"11,1","11,1","11,1","11,1"
04/06/2019,"11,91","11,91","11,91","11,91"
05/06/2019,"11,6","11,6","11,6","11,6"
06/06/2019,"11,105","11,32","11,32","11,32"
07/06/2019,"11,52","11,245","11,475","11,245"
10/06/2019,"11,805","11,65","11,65","11,65"
11/06/2019,"11,2","11,48","11,48","11,48"
12/06/2019,"11,14","11,205","11,205","11,205"
13/06/2019,"11,395","11,52","11,63","11,35"
14/06/2019,"11,32","11,35","11,35","11,35"
17/06/2019,"11,57","11,355","11,355","11,28"
18/06/2019,"11,035","11,4","11,4","11,275"
19/06/2019,"10,485","10,485","10,485","10,485"
20/06/2019,"10,15","10,15","10,15","10,15"
21/06/2019,"10,355","9,8","10,295","9,775"
24/06/2019,"10,2","10,2","10,2","10,2"
25/06/2019,"9,845","9,875","9,875","9,875"
26/06/2019,"9,62","9,62","9,62","9,62"
27/06/2019,"9,375","9,375","9,375","9,375"
28/06/2019,"10,115","9,75","9,765","9,75"
01/07/2019,"10,365","10,57","10,675","10,25"
02/07/2019,"10,225","10,65","10,855","10,25"
03/07/2019,"10,295","10,375","10,375","10,175"
05/07/2019,"11,215","10,575","11,245","10,255"
08/07/2019,"11,88","11,105","12,075","11,105"
09/07/2019,"11,76","12,225","12,675","11,85"
10/07/2019,"12,135","11,35","12,125","11,35"
11/07/2019,"13,13","12,725","12,85","12,3"
12/07/2019,"13,28","12,65","13,15","12,65"
15/07/2019,"12,895","13,725","13,725","13,41"
16/07/2019,"11,415","12,13","12,13","12,13"
17/07/2019,"10,99",11,"11,275","10,825"
18/07/2019,"10,735","11,075","11,125","10,625"
19/07/2019,"10,815","10,9","10,9","10,9"
22/07/2019,"10,16","10,9","10,95","10,375"
23/07/2019,"10,75","10,125","10,4","10,125"
24/07/2019,"10,075","10,375","10,475","10,2"
25/07/2019,"10,025","10,25","10,275","10,05"
26/07/2019,"9,965",10,"10,125","9,875"
29/07/2019,"9,81","10,075","10,15","9,75"
30/07/2019,"9,79","9,85","9,9","9,725"
31/07/2019,11,11,11,11
01/08/2019,"12,36","11,675","12,345","11,55"
02/08/2019,"12,015","11,96","12,655","11,96"
05/08/2019,"11,465","11,975","12,15","11,375"
06/08/2019,"10,95","11,175","11,25","10,875"
07/08/2019,"11,41",11,"11,4","10,9"
08/08/2019,"12,075","11,25","12,04","11,2"
09/08/2019,"12,025","12,05","12,2","11,795"
12/08/2019,"11,42","11,95","12,05","11,38"
13/08/2019,"11,86","11,45","11,75","11,45"
14/08/2019,"11,18","11,5","11,6","11,225"
15/08/2019,"11,225","11,15","11,25","11,075"
16/08/2019,"10,955","11,175","11,35","10,925"
19/08/2019,"10,785","10,8","11,1","10,76"
20/08/2019,"11,215","11,3","11,305","11,225"
21/08/2019,"11,415","11,2","11,7","11,2"
22/08/2019,"10,99","11,275","11,375","10,98"
23/08/2019,"10,585","10,825","10,825","10,65"
26/08/2019,"10,315","10,315","10,315","10,315"
27/08/2019,"10,07","10,15","10,25","10,15"
28/08/2019,"10,235","10,35","10,35","10,225"
29/08/2019,"10,715","10,425","10,64","10,425"
30/08/2019,"12,795","12,795","12,795","12,795"
03/09/2019,"12,1","11,95","12,125","11,675"
04/09/2019,"11,96","12,15","12,15","12,1"
05/09/2019,"12,235","11,8",12,"11,8"
06/09/2019,"12,35","12,175","12,175","12,1"
09/09/2019,"12,235","12,675","12,675","12,3"
10/09/2019,"14,405","12,35","13,8","12,35"
11/09/2019,"14,355","14,05","14,495","14,05"
12/09/2019,"14,465","14,545","14,545","14,545"
13/09/2019,"14,71","15,65","15,65","15,645"
16/09/2019,"15,335","15,155","15,155","15,155"
17/09/2019,"13,44","14,175","14,175","13,525"
18/09/2019,"12,435","12,8","12,8","12,535"
19/09/2019,"12,255","12,255","12,255","12,255"
20/09/2019,"12,71","12,575","12,575","12,575"
23/09/2019,"12,245","12,245","12,245","12,245"
24/09/2019,"12,34","12,175","12,6","12,175"
25/09/2019,"11,95","11,935","12,05","11,935"
26/09/2019,"12,045","12,045","12,045","12,045"
27/09/2019,"11,94","11,94","11,94","11,94"
30/09/2019,"16,39","16,68","16,69","16,68"
01/10/2019,"16,76","16,25","16,725","16,185"
02/10/2019,"16,005","16,3","16,3","15,925"
03/10/2019,"16,01",16,"16,225","15,85"
04/10/2019,"15,77","16,35","16,5","15,75"
07/10/2019,"15,505","15,2","15,475","15,2"
08/10/2019,"15,64","15,65","15,7","15,425"
09/10/2019,"15,575","15,3","15,925","15,3"
10/10/2019,"15,85","15,825","15,825","15,475"
11/10/2019,"16,135","16,125","16,15","15,825"
14/10/2019,"16,04","15,95","15,95","15,95"
15/10/2019,"16,065","16,05","16,05","16,05"
16/10/2019,"16,075","16,225","16,245","16,15"
17/10/2019,"16,025","15,825","16,05","15,75"
18/10/2019,"15,965","16,245","16,245","15,875"
21/10/2019,"15,61","16,21","16,21","15,65"
22/10/2019,"15,595","15,75","15,75","15,75"
23/10/2019,"15,415","15,3","15,45","15,3"
24/10/2019,"15,655","15,15","15,65","15,15"
25/10/2019,"15,235","15,55","15,55","15,4"
28/10/2019,"14,39","14,575","14,65","14,45"
29/10/2019,"13,835","14,5","14,5","14,4"
30/10/2019,"13,78","13,625","13,625","13,625"
31/10/2019,"16,135","16,05","16,175","16,025"
01/11/2019,"16,175","16,35","16,35","16,175"
04/11/2019,"16,48","16,3","16,675","16,15"
05/11/2019,"16,79","16,75","16,905","16,7"
06/11/2019,"16,28","16,575","16,575","16,3"
07/11/2019,"16,12","16,225","16,3","16,14"
08/11/2019,"15,94","16,175","16,2","15,875"
11/11/2019,"15,845","15,875","15,925","15,825"
12/11/2019,"15,545","15,6","15,6","15,48"
13/11/2019,"15,45","15,275","15,475","15,275"
14/11/2019,"15,67","15,45","15,7","15,45"
15/11/2019,"15,715","15,4","15,725","15,4"
18/11/2019,"15,23","15,375","15,4","15,175"
19/11/2019,"15,29","15,15","15,4","15,15"
20/11/2019,"15,59","15,3","15,525","15,25"
21/11/2019,"15,625","15,675","15,8","15,65"
22/11/2019,"16,05",16,"16,15","15,95"
25/11/2019,"16,235","16,475","16,475","16,275"
26/11/2019,"15,85",16,"16,045","15,855"
27/11/2019,"15,98","15,95","16,1","15,875"
29/11/2019,"16,33","16,33","16,33","16,33"
02/12/2019,"15,81","15,955",16,"15,8"
03/12/2019,"15,77","15,675","15,835","15,675"
04/12/2019,"15,88","15,6","15,9","15,6"
05/12/2019,"15,415","15,6","15,675","15,575"
06/12/2019,"15,14","15,175","15,275","15,1"
09/12/2019,"14,89","14,775","14,95","14,74"
10/12/2019,"14,53","14,37","14,5","14,31"
11/12/2019,"14,045","14,17","14,17","14,015"
12/12/2019,"14,77","14,15","14,75","14,15"
13/12/2019,"13,805","14,23","14,32","13,8"
16/12/2019,"13,89","13,95","13,95","13,94"
17/12/2019,"14,46","14,47","14,5","14,46"
18/12/2019,"14,95","14,35","15,01","14,35"
19/12/2019,"15,005","14,4","14,975","14,4"
20/12/2019,"14,235","14,075","14,215","14,025"
23/12/2019,"13,025","13,21","13,21","13,065"
24/12/2019,"12,605","12,61","12,61","12,61"
26/12/2019,"12,605","12,605","12,605","12,605"
27/12/2019,"12,765","12,765","12,765","12,765"
30/12/2019,"12,295","12,295","12,295","12,295"
31/12/2019,"12,05","12,05","12,05","12,05"
02/01/2020,"12,075","12,435","12,46","12,135"
03/01/2020,"12,985","12,405","12,75","12,405"
06/01/2020,"12,28","12,695","12,7","12,695"
07/01/2020,"11,93","11,95","12,15","11,865"
08/01/2020,"11,965","11,835","12,05","11,825"
09/01/2020,"12,18","11,925","12,25","11,925"
10/01/2020,"11,94","12,2","12,225","11,95"
13/01/2020,"12,055","12,15","12,15","12,075"
14/01/2020,"11,305","12,025","12,025","11,69"
15/01/2020,"11,18","11,275","11,3","11,2"
16/01/2020,"11,115","11,425","11,425","11,015"
17/01/2020,"10,93","11,05","11,05","10,94"
21/01/2020,"10,775","10,665","10,945","10,6"
22/01/2020,"10,455","10,66","10,66","10,37"
23/01/2020,"10,43","10,375","10,45","10,23"
24/01/2020,"10,455","10,63","10,63","10,485"
27/01/2020,"10,525","10,505","10,585","10,475"
28/01/2020,"10,79","10,8","10,8","10,75"
29/01/2020,"10,15","10,675","10,675","10,335"
30/01/2020,"9,78",10,10,10
31/01/2020,"9,755","9,975","10,01","9,93"
03/02/2020,"9,21","9,6","9,6","9,19"
04/02/2020,"9,365","9,285","9,385","9,1"
05/02/2020,"9,315","9,435","9,435","9,28"
06/02/2020,"9,15","8,925","9,195","8,925"
07/02/2020,"9,07","9,22","9,22","8,985"
10/02/2020,"8,645","8,775","8,775","8,575"
11/02/2020,"8,555","8,5","8,65","8,5"
12/02/2020,"8,72","8,575","8,765","8,575"
13/02/2020,"8,89","8,575","8,8","8,575"
14/02/2020,"8,88","8,925","8,925","8,925"
18/02/2020,"9,38","9,2","9,49","9,2"
19/02/2020,"9,57","9,225","9,545","9,225"
20/02/2020,"9,565","9,575","9,575","9,375"
21/02/2020,"9,41","9,3","9,51","9,3"
24/02/2020,"9,045","9,21","9,21","9,125"
25/02/2020,"9,005",9,9,"8,925"
26/02/2020,"9,07","8,875","9,075","8,8"
27/02/2020,"8,87","8,87","8,87","8,87"
28/02/2020,"8,875","8,65","8,95","8,65"
02/03/2020,"8,885",9,"9,05","8,795"
03/03/2020,"9,17","9,02","9,21","9,02"
04/03/2020,"8,91","8,975","9,055","8,825"
05/03/2020,"8,85","8,9","8,9","8,825"
06/03/2020,"8,645","8,775","8,775","8,56"
09/03/2020,"8,625","8,275","8,625","8,275"
10/03/2020,"8,995","8,875","9,05","8,84"
11/03/2020,"9,37","8,975","9,38","8,975"
12/03/2020,"9,325","9,1","9,39","9,1"
13/03/2020,"9,285","9,36","9,635","9,255"
16/03/2020,"8,74","8,7","8,77","8,645"
17/03/2020,"8,47","8,775","8,775","8,425"
18/03/2020,"8,265","8,3","8,32","8,165"
19/03/2020,"8,545","8,425","8,55","8,365"
20/03/2020,"8,295","8,295","8,295","8,295"
23/03/2020,"7,85","8,02","8,02","7,935"
24/03/2020,"7,91","8,05","8,1","7,86"
25/03/2020,"7,745","7,765","7,765","7,765"
26/03/2020,"7,575","7,58","7,605","7,58"
27/03/2020,"7,22","7,25","7,335","7,17"
30/03/2020,"6,895","6,895","6,895","6,895"
31/03/2020,"6,9","7,1","7,175","7,1"
01/04/2020,"6,825","6,725","6,85","6,725"
02/04/2020,"6,935","7,275","7,275","6,86"
03/04/2020,"6,92","6,825","7,025","6,775"
06/04/2020,"7,285","6,8","7,4","6,8"
07/04/2020,"7,285","7,4","7,5","7,3"
08/04/2020,"7,26","7,3","7,4","7,26"
09/04/2020,"7,28","7,475","7,525","7,235"
13/04/2020,"7,28","7,28","7,28","7,28"
14/04/2020,"6,875","7,175","7,175","6,865"
15/04/2020,"6,65","6,825","6,85","6,745"
16/04/2020,"6,905","6,98","6,98","6,925"
17/04/2020,"6,995","7,18","7,18","6,96"
20/04/2020,"6,62","6,735","6,735","6,735"
21/04/2020,"6,315","6,6","6,6","6,305"
22/04/2020,"6,225","6,125","6,49","6,125"
23/04/2020,"6,055","6,15","6,15","6,04"
24/04/2020,"5,77","5,83","5,85","5,8"
27/04/2020,"5,94","5,825",6,"5,825"
28/04/2020,"6,145","5,975","6,2","5,975"
29/04/2020,"6,015","6,015","6,015","6,015"
30/04/2020,"6,22","6,325","6,33","6,2"
01/05/2020,"5,845","6,2","6,2","5,735"
04/05/2020,"5,74","5,9","5,9","5,705"
05/05/2020,"5,675","5,85","5,9","5,635"
06/05/2020,"5,765","5,74","5,8","5,73"
07/05/2020,"5,845","5,84","5,97","5,8"
08/05/2020,"5,83","5,83","5,83","5,83"
11/05/2020,"5,705","5,7","5,8","5,66"
12/05/2020,"5,315","5,575","5,625","5,28"
13/05/2020,"5,12","5,375","5,375","5,1"
14/05/2020,"5,265","5,175","5,285","5,175"
15/05/2020,"5,22","5,4","5,425","5,175"
18/05/2020,"4,92","5,28","5,385","4,875"
19/05/2020,"4,61","4,775","4,825","4,61"
20/05/2020,"4,46","4,75","4,76","4,42"
21/05/2020,"3,825","3,965",4,"3,79"
22/05/2020,"3,89","3,75","4,06","3,65"
26/05/2020,"4,125","4,35","4,91","4,25"
27/05/2020,"3,695","3,8","3,98","3,625"
28/05/2020,"3,51","3,7","3,85","3,5"
29/05/2020,"4,385","4,425","4,5","4,4"
01/06/2020,"4,055","4,1","4,25","3,95"
02/06/2020,"4,85","4,37","4,95","4,35"
03/06/2020,"5,33","5,15","5,54","4,94"
04/06/2020,"5,39","4,975","5,4","4,975"
05/06/2020,"5,71","5,35","5,85","5,125"
08/06/2020,"5,25","5,6","5,775","5,255"
09/06/2020,"4,805","5,275","5,275","4,775"
10/06/2020,"4,8","4,7","4,85","4,625"
11/06/2020,"4,99","4,775","5,03","4,775"
12/06/2020,"5,275","5,15","5,44","5,15"
15/06/2020,"5,515","5,45","5,575","5,4"
16/06/2020,"5,26","5,55","5,55","5,175"
17/06/2020,"5,21","5,2","5,275","4,995"
18/06/2020,"5,45","5,425","5,525","5,325"
19/06/2020,"5,615","5,55","5,675","5,55"
22/06/2020,"5,495","5,45","5,525","5,39"
23/06/2020,"5,83","5,7","5,85","5,7"
24/06/2020,"5,665","5,825","5,845","5,68"
25/06/2020,"5,255","5,425","5,435","5,285"
26/06/2020,"5,105","5,065","5,23","5,045"
29/06/2020,"5,84","5,4","5,87","5,4"
30/06/2020,"6,165","6,105","6,455","6,025"
01/07/2020,"5,865","5,95","6,185","5,8"
02/07/2020,"5,945","5,765","5,95","5,71"
06/07/2020,"6,095","6,145","6,15","6,075"
07/07/2020,"6,125","6,13","6,315","6,13"
08/07/2020,"5,935","6,09","6,19","5,86"
09/07/2020,"5,755","5,855","5,875","5,76"
10/07/2020,"5,475","5,57","5,585","5,425"
13/07/2020,"5,11","5,52","5,55","5,09"
14/07/2020,"5,085","5,16","5,18","4,99"
15/07/2020,"5,225","5,35","5,395","5,225"
16/07/2020,"5,06","5,09","5,11",5
17/07/2020,"5,115","5,16","5,165","5,065"
20/07/2020,"4,73","4,95","4,98","4,71"
21/07/2020,"4,79","4,9","4,975","4,765"
22/07/2020,"4,83","4,82","4,915","4,725"
23/07/2020,"4,985","4,925","5,125","4,925"
24/07/2020,"5,01","5,025","5,04","4,895"
27/07/2020,"4,785","4,95","5,01","4,875"
28/07/2020,"4,96","4,775","4,975","4,775"
29/07/2020,"5,175","5,15","5,22","5,055"
30/07/2020,"5,225","5,19","5,43","5,13"
31/07/2020,"6,025",6,6,6
03/08/2020,"6,8","6,33",7,"6,33"
04/08/2020,"7,355","7,185","7,425","7,13"
05/08/2020,"7,32","7,37","7,405","7,28"
06/08/2020,"7,94","7,75","7,95","7,75"
07/08/2020,"7,93","7,55","8,3","7,55"
10/08/2020,"7,59","8,28","8,28","7,95"
11/08/2020,"7,415","7,495","7,935","7,415"
12/08/2020,"7,17","7,175","7,175",7
13/08/2020,"7,31","7,4","7,48","7,285"
14/08/2020,"8,02","7,45","8,15","7,38"
17/08/2020,"8,18","8,26","8,51","8,15"
18/08/2020,"8,55","8,225","8,72","8,225"
19/08/2020,"8,355","8,815","8,85","8,23"
20/08/2020,"8,15","8,325","8,375","8,225"
21/08/2020,"7,62","7,975","7,975","7,47"
24/08/2020,"8,36","8,125","8,365","8,05"
25/08/2020,"8,865","8,36","8,89","8,36"
26/08/2020,"9,15","9,34","9,34","9,285"
27/08/2020,"8,87","9,25","9,275","8,9"
28/08/2020,"11,17","11,125","11,175","11,125"
31/08/2020,"11,24","11,24","11,24","11,24"
01/09/2020,"11,295","11,2","11,835","11,2"
02/09/2020,"11,11","11,4","11,4","10,995"
03/09/2020,"11,735","11,515","11,8","11,5"
04/09/2020,"11,68","12,105","12,105","11,85"
08/09/2020,"10,8","11,4","11,4","10,79"
09/09/2020,"10,735","10,6","10,95","10,6"
10/09/2020,"10,515","10,85","10,87","10,465"
11/09/2020,"10,495","10,4","10,435","10,37"
14/09/2020,"10,705","10,725","10,8","10,65"
15/09/2020,"10,895","10,85","10,87","10,815"
16/09/2020,"11,32","11,2","11,445","11,2"
17/09/2020,"11,12","11,515","11,515","11,13"
18/09/2020,"11,475","11,105","11,38","11,105"
21/09/2020,"11,495","11,5","11,51","11,425"
22/09/2020,"11,705","11,33","11,795","11,26"
23/09/2020,"12,02","11,77","12,04","11,77"
24/09/2020,"11,635","11,95","11,95","11,66"
25/09/2020,"11,665","11,5","11,695","11,4"
28/09/2020,"12,35","12,06","12,06","11,95"
29/09/2020,"12,28","12,4","12,64","12,265"
30/09/2020,"13,285","13,31","13,31","13,16"
01/10/2020,"13,18","13,35","13,405","13,11"
02/10/2020,"13,025","12,875","13,13","12,815"
05/10/2020,"13,42","13,385","13,44","13,25"
06/10/2020,"13,305","13,225","13,365","13,225"
07/10/2020,"13,71","13,425","13,69","13,425"
08/10/2020,"13,9","13,75","14,05","13,75"
09/10/2020,"13,755","13,73","13,87","13,705"
12/10/2020,"13,84","13,61","13,61","13,61"
13/10/2020,"13,595","13,69","13,7","13,49"
14/10/2020,"13,87","13,74","13,945","13,74"
15/10/2020,"14,24","14,175","14,175","13,9"
16/10/2020,"14,5","14,525","14,65","14,425"
19/10/2020,"14,72","14,65","14,75","14,65"
20/10/2020,"14,895","14,56","14,98","14,56"
21/10/2020,"14,865","14,81","14,95","14,81"
22/10/2020,"15,255","14,825","15,34","14,8"
23/10/2020,"15,41","15,245","15,65","15,245"
26/10/2020,"14,865","15,15","15,39","15,15"
27/10/2020,"14,745","14,7","14,85","14,375"
28/10/2020,"14,485","14,525","14,65","14,4"
29/10/2020,"14,215","14,4","14,4","14,125"
30/10/2020,"14,06","14,335","14,385","13,925"
02/11/2020,"13,655","13,515","13,705","13,515"
03/11/2020,"13,665","13,73","13,925","13,585"
04/11/2020,"13,885","13,725","14,105","13,575"
05/11/2020,"14,455","14,3","14,5","14,3"
06/11/2020,"13,9","14,115","14,15","13,885"
09/11/2020,"13,855","13,775","14,13","13,55"
10/11/2020,"14,035","13,8","14,15","13,7"
11/11/2020,"14,095","14,05","14,35","14,05"
12/11/2020,14,"14,05","14,15","13,95"
13/11/2020,"14,24","14,2","14,325","14,175"
16/11/2020,"14,495","14,425","14,6","14,42"
17/11/2020,"13,97","14,35","14,35","13,85"
18/11/2020,"13,68","13,85","13,95","13,59"
19/11/2020,"13,02","13,475","13,475",13
20/11/2020,"12,895","12,7","12,91","12,6"
23/11/2020,"13,535","13,3","13,625","13,3"
24/11/2020,"13,9","13,45","13,9","13,45"
25/11/2020,"13,93","14,15","14,275","13,8"
27/11/2020,"14,485","13,835","14,6","13,8"
30/11/2020,"15,14","14,985","15,2","14,95"
01/12/2020,"14,91","15,475","15,475","14,775"
02/12/2020,"14,905","14,45","14,95","14,45"
03/12/2020,"14,145","14,6","14,6",14
04/12/2020,"14,645","14,55","14,66","14,465"
07/12/2020,"14,355","14,1","14,4","14,1"
08/12/2020,"14,445","14,3","14,63","14,3"
09/12/2020,"14,735","14,35","14,735","14,35"
10/12/2020,"15,54","15,3","15,55","15,275"
11/12/2020,"15,96","15,525","15,825","15,3"
14/12/2020,"16,605","16,45","16,925","16,45"
15/12/2020,"17,225","17,1","17,265","16,66"
16/12/2020,"16,38","17,05","17,05","16,26"
17/12/2020,"15,94","16,175","16,325","15,9"
18/12/2020,"15,885","15,75","15,975","15,69"
21/12/2020,"16,795","16,4","16,85","16,25"
22/12/2020,"17,635","17,2","17,75","17,175"
23/12/2020,"17,505","17,65","17,65","17,5"
24/12/2020,"17,65","17,65","17,65","17,65"
28/12/2020,"19,15","19,15","19,15","19,15"
29/12/2020,"18,775",19,19,19
30/12/2020,19,"19,15","19,275","19,025"
31/12/2020,"19,125","19,125","19,125","19,125"
04/01/2021,"19,845","19,45","20,3","19,45"
05/01/2021,"18,005","18,905","18,95","17,925"
06/01/2021,"17,565","17,875","18,52","17,375"
07/01/2021,"19,305","18,275","19,42","18,275"
08/01/2021,"20,12","20,4","20,7","19,89"
11/01/2021,"22,125","21,35","22,54","21,2"
12/01/2021,"26,155","23,24","26,085","23,2"
13/01/2021,"21,5","23,475","23,9","21,6"
14/01/2021,"21,335","21,25","21,25","20,32"
15/01/2021,"20,2","20,1","20,4","19,625"
19/01/2021,"20,325","19,1","20,4","18,9"
20/01/2021,"20,26","21,4","21,6","19,935"
21/01/2021,"20,065","19,825","20,5","19,55"
22/01/2021,"21,485","20,75","21,5","20,75"
25/01/2021,"20,16","22,15","22,15","20,05"
26/01/2021,"19,51","19,8","20,075","19,175"
27/01/2021,"19,7",19,"19,9","18,9"
28/01/2021,"20,91","20,6","20,875","20,35"
29/01/2021,"19,82","20,6","20,6","19,595"
01/02/2021,"18,14","19,05","19,05","17,875"
02/02/2021,"18,25","18,2","18,5","18,105"
03/02/2021,"17,855","17,65","17,75","17,35"
04/02/2021,"18,12","17,85","18,35","17,75"
05/02/2021,"18,38","18,55","18,9","18,3"
08/02/2021,"20,18","20,375","20,375","19,6"
09/02/2021,"19,045","18,855","19,305","18,75"
10/02/2021,"18,56","18,85","19,025","18,45"
11/02/2021,"17,375","18,15","18,15","17,375"
12/02/2021,"17,62","17,07","17,65","16,95"
16/02/2021,"16,715","16,75","16,95","16,35"
17/02/2021,"16,54","17,15","17,3","16,4"
18/02/2021,"17,33","16,9","17,35","16,84"
19/02/2021,"16,555","17,325","17,45","16,465"
22/02/2021,"15,96","16,25","16,25","15,825"
23/02/2021,"16,25","16,1","16,4","16,05"
24/02/2021,"16,38","16,125","16,35","16,05"
25/02/2021,"15,935","16,4","16,4","16,065"
26/02/2021,"15,695","15,95","15,975","15,55"
01/03/2021,"16,08",16,"16,1","15,925"
02/03/2021,"15,87","16,005","16,03","15,8"
03/03/2021,"15,525","15,6","15,68","15,5"
04/03/2021,"15,93","15,59","15,975","15,575"
05/03/2021,"16,365","15,85","16,45","15,775"
08/03/2021,"16,15","16,55","16,55","16,125"
09/03/2021,"16,925","16,375","16,975","16,375"
10/03/2021,"17,63","17,15","17,7","17,15"
11/03/2021,"18,125","17,475","18,155","17,475"
12/03/2021,"18,45","17,97","18,565","17,93"
15/03/2021,"17,93","18,17","18,88","17,87"
16/03/2021,"17,66","17,83","17,83","17,275"
17/03/2021,"17,97","17,45","18,11","17,45"
18/03/2021,"17,76","18,16","18,4","17,5"
19/03/2021,"17,265","17,35","17,5","17,235"
22/03/2021,"18,045","17,27","18,075","17,27"
23/03/2021,"18,39","17,85","18,4","17,625"
24/03/2021,"18,59","18,65","18,825","18,025"
25/03/2021,"18,365","18,6","18,6","18,275"
26/03/2021,"18,7","18,6","18,82","18,575"
29/03/2021,"18,445","18,26","18,595","18,125"
30/03/2021,"18,805","18,2","18,85","18,2"
31/03/2021,"18,995","19,05","19,17","18,7"
01/04/2021,"19,17",19,"19,275",19
05/04/2021,"19,17","19,17","19,17","19,17"
06/04/2021,"19,78","19,745","19,825","19,6"
07/04/2021,"19,285","19,65","19,725","19,175"
08/04/2021,"18,99","19,325","19,45","18,975"
09/04/2021,"18,94","19,35","19,365","18,9"
12/04/2021,"19,65","19,395","19,725","19,26"
13/04/2021,"19,51","19,72","19,85","19,47"
14/04/2021,"19,68","19,6","19,775","19,6"
15/04/2021,"20,26","19,9","20,385","19,85"
16/04/2021,"20,54","20,625","20,8","20,5"
19/04/2021,"20,94","20,875","21,12","20,85"
20/04/2021,"21,065","20,85","21,335","20,675"
21/04/2021,"21,11","21,015","21,25","20,85"
22/04/2021,"21,37","21,3","21,54","21,3"
23/04/2021,"20,045","20,8","20,8","19,71"
26/04/2021,20,"20,2","20,46","19,975"
27/04/2021,"21,405","19,93","21,5","19,75"
28/04/2021,"21,555","21,79","22,02","21,55"
29/04/2021,"22,5","21,665","22,575","21,575"
30/04/2021,"23,285","22,965","23,32","22,73"
03/05/2021,"23,815","23,815","23,815","23,815"
04/05/2021,"23,05","24,105","24,105","22,995"
05/05/2021,"23,96","23,4","23,965","23,325"
06/05/2021,"24,33","24,13","24,95","24,13"
07/05/2021,"23,94","24,225","24,225","23,875"
10/05/2021,"25,19","25,175","25,2","24,825"
11/05/2021,"25,805","24,8","25,995","24,75"
12/05/2021,"26,42","26,44","26,45","25,8"
13/05/2021,"26,25","25,75","26,3","24,975"
14/05/2021,"26,83","26,35","26,875","26,35"
17/05/2021,"26,31","26,1","26,63","25,7"
18/05/2021,"24,81","25,4","25,775","24,645"
19/05/2021,"22,665","24,05","24,125","22,57"
20/05/2021,"24,685","23,1","24,565","23,05"
21/05/2021,"24,795","25,3","25,55","24,6"
24/05/2021,"24,76","24,475","24,85","24,455"
25/05/2021,"26,19","25,25","26,15","25,25"
26/05/2021,"26,425","26,775","26,915","26,4"
27/05/2021,"25,2","25,645","26,1","25,275"
28/05/2021,"24,93","25,1","25,2","24,62"
01/06/2021,"25,975","25,18","26,23","25,18"
02/06/2021,"25,725","25,7","26,1","25,28"
03/06/2021,"25,705","26,25","26,25","25,675"
04/06/2021,"25,795","25,75","26,025","25,45"
07/06/2021,"26,49","25,9","26,665","25,9"
08/06/2021,"27,8","27,475","27,85","27,35"
09/06/2021,"28,3","27,9","28,425","27,805"
10/06/2021,"28,685","28,275","28,725","27,705"
11/06/2021,"27,845","28,5","28,595","27,7"
14/06/2021,"28,81","29,1","29,315","28,575"
15/06/2021,"28,135","28,3","28,705","27,91"
16/06/2021,"28,03",28,"28,775","27,74"
17/06/2021,"28,31","27,8","28,67","27,7"
18/06/2021,"29,405","28,935","29,61","28,8"
21/06/2021,"29,615","29,97","30,2","29,305"
22/06/2021,"30,735","30,05","30,835","29,99"
23/06/2021,"31,545","31,35","31,685","30,565"
24/06/2021,"32,015","31,55","32,025","31,41"
25/06/2021,"32,385","31,95","32,4","31,95"
28/06/2021,"32,29","32,1","32,38","31,75"
29/06/2021,"33,486","32,855","33,825","32,855"
30/06/2021,"34,62","33,875","34,925","33,74"
01/07/2021,"36,145","35,5","36,955","35,45"
02/07/2021,"35,827","34,925","36,87","34,925"
06/07/2021,"34,105","37,25","38,365","33,08"
07/07/2021,"32,34","34,315","36,23","32,345"
08/07/2021,"33,31","32,29","33,875","31,47"
09/07/2021,"36,632","35,84","36,85","35,565"
12/07/2021,"34,65","35,235","36,15","34,395"
13/07/2021,"35,465","34,305","35,835","34,145"
14/07/2021,"34,775","34,835","35,175","33,405"
15/07/2021,"33,795","34,2","34,605","33,61"
16/07/2021,"34,84","35,1","35,525","34,6"
19/07/2021,"35,65","36,45","36,81","35,615"
20/07/2021,"35,165","35,095","35,315","34,625"
21/07/2021,"35,95","35,5","36,2","35,46"
22/07/2021,"36,13","35,675","36,435","35,65"
23/07/2021,"35,525","35,815","35,94","35,1"
26/07/2021,"36,915","36,14","37,025","35,91"
27/07/2021,"37,59","37,695","37,705","37,26"
28/07/2021,"39,7","38,465","39,715","38,415"
29/07/2021,"41,154","40,35","40,88","40,05"
30/07/2021,"40,755","40,51","40,855","39,42"
02/08/2021,"42,155","42,1","42,69","41,815"
03/08/2021,"41,245","41,59","42,18","41,12"
04/08/2021,"42,255","41,54","42,26","41,54"
05/08/2021,"42,9","41,57","43,2","41,195"
06/08/2021,"43,12","43,9","44,57","42,675"
09/08/2021,"42,785","43,095","43,57","42,45"
10/08/2021,"44,655","44,39","45,025","44,215"
11/08/2021,"45,985","44,975","46,525","44,575"
12/08/2021,"45,87","46,15","46,525","45,325"
13/08/2021,"44,63","44,415","45,4","44,375"
16/08/2021,"47,99","46,25","48,215","46,25"
17/08/2021,"46,95","46,855","47,975","46,675"
18/08/2021,"45,385","46,395","47,525","42,795"
19/08/2021,"40,395","44,375","44,48","40,1"
20/08/2021,"41,944","41,57","42,625","40,9"
23/08/2021,"41,68","42,275","43,535","40,61"
24/08/2021,"44,87","43,625","45,07","43,625"
25/08/2021,"45,285","45,83","46,13","44,775"
26/08/2021,"45,79","44,215","45,845","44,2"
27/08/2021,"47,806","47,806","47,806","47,806"
30/08/2021,"49,68","48,85","49,43","48,7"
31/08/2021,"50,34","48,58","50,47","48,58"
01/09/2021,"50,23","52,25","52,9","49,6"
02/09/2021,"51,915","50,985","52,595","49,715"
03/09/2021,"51,505","51,8","52,55","51,29"
07/09/2021,"53,91","53,075","54,185","51,285"
08/09/2021,"55,29","54,175","55,575","53,56"
09/09/2021,"56,58","55,6","57,23","54,73"
10/09/2021,"57,916",56,"57,995","55,775"
13/09/2021,"61,28","59,35","62,25","59,35"
14/09/2021,"65,765","64,55","66,395","64,55"
15/09/2021,"70,705","71,925","77,275","69,725"
16/09/2021,"63,25","68,535","68,535","60,76"
17/09/2021,"65,103","66,75","66,775","62,85"
20/09/2021,"75,315","65,725","75,38","69,805"
21/09/2021,"73,78","72,525","75,105","71,25"
22/09/2021,"71,69","70,1","72,655","69,925"
23/09/2021,"69,685",68,"70,71",68
24/09/2021,"70,24","68,3","70,89","68,255"
27/09/2021,"76,505",75,"76,97",75
28/09/2021,"78,565",83,"84,15","78,95"
29/09/2021,"86,609","86,5","86,5","86,5"
30/09/2021,"97,775","94,92","96,3","93,18"
01/10/2021,"93,625","94,665","97,59","93,105"
04/10/2021,"96,65","96,4","99,76","94,235"
05/10/2021,"116,02",95,"105,61","83,62"
06/10/2021,"108,19","131,025","132,93","101,555"
07/10/2021,"96,585","89,26","109,47","89,26"
08/10/2021,"87,605",95,"95,675","83,7"
11/10/2021,"85,215",92,"92,135","83,5"
12/10/2021,"85,7","86,31","87,395",85
13/10/2021,"93,615","91,375","94,61","90,29"
14/10/2021,"102,17","102,15","102,255","96,73"
15/10/2021,"93,65",104,104,"92,57"
18/10/2021,"93,935","89,35","100,4","89,35"
19/10/2021,"89,93","92,15","93,935","89,425"
20/10/2021,"93,45","94,395","94,395","92,75"
21/10/2021,"88,465","90,645","90,66","87,815"
22/10/2021,"87,34","88,61","88,7",87
25/10/2021,"88,645",91,91,88
26/10/2021,"88,495","90,15","90,2","87,8"
27/10/2021,"86,82","86,3","86,95",86
28/10/2021,"77,032",78,"80,6",78
29/10/2021,"64,865","72,62","72,62",70
01/11/2021,"65,62","63,59","65,75","63,59"
02/11/2021,"67,605","65,175","70,665","62,84"
03/11/2021,"76,54","73,52","80,045","73,52"
04/11/2021,"73,375","77,525","77,525","72,815"
05/11/2021,"74,025","73,16","74,64","73,03"
08/11/2021,"79,075","80,77","80,77","77,005"
09/11/2021,"72,585","76,5","76,9","74,005"
10/11/2021,"70,125","66,71","70,37","64,505"
11/11/2021,"74,79",72,"75,1",72
12/11/2021,"75,675","77,77","77,77","74,06"
15/11/2021,"79,945","78,295","82,095","78,285"
16/11/2021,"94,19","84,38","91,49","84,38"
17/11/2021,"95,005","97,99","99,85","95,085"
18/11/2021,"95,165","93,6","95,3","91,365"
19/11/2021,"87,125","91,125","91,125",86
22/11/2021,"84,015","84,25","86,02","81,95"
23/11/2021,"90,925","86,95","91,4","86,95"
24/11/2021,"93,985","93,85","93,85","93,85"
26/11/2021,"87,772","92,45","94,4","87,75"
29/11/2021,"93,146","94,25","94,25","92,45"
30/11/2021,"92,515",98,98,"95,015"
01/12/2021,"95,675","92,6","95,1","92,6"
02/12/2021,"94,83","91,6","92,46","89,2"
03/12/2021,"89,48","91,59","92,05","89,62"
06/12/2021,"89,93","86,6","90,275","86,6"
07/12/2021,"95,885",95,"95,88","94,595"
08/12/2021,"101,5","98,6","103,835","98,6"
09/12/2021,"100,445","98,5","104,35","97,17"
10/12/2021,"105,775","101,605","107,75","100,83"
13/12/2021,"116,085","115,4","118,625","112,44"
14/12/2021,"128,3","118,95","129,065","116,775"
15/12/2021,"132,285","131,1","132,405","120,6"
16/12/2021,"142,765","128,71",143,"126,19"
17/12/2021,"136,915","124,5","139,5","124,5"
20/12/2021,"146,925","140,82","148,505","139,4"
21/12/2021,"180,265","157,7","174,8","157,7"
22/12/2021,"172,875","174,3","176,655","172,72"
23/12/2021,"132,58","158,3","158,3","129,36"
27/12/2021,"106,895",100,"105,5",100
28/12/2021,"106,59","106,59","106,59","106,59"
29/12/2021,"96,475",99,"104,6",99
30/12/2021,"87,027","94,35","94,35","88,05"
31/12/2021,"70,345",82,82,"67,365"
03/01/2022,"80,435","80,435","80,435","80,435"
04/01/2022,"88,74",85,"96,625",85
05/01/2022,"91,52","95,7","95,7","88,385"
06/01/2022,"96,5","95,265","97,02","93,3"
07/01/2022,"88,175","95,8","96,27","86,58"
10/01/2022,"84,605","86,5","90,4","84,46"
11/01/2022,"78,735","81,225","82,05",80
12/01/2022,"75,155","82,25","82,25","73,4"
13/01/2022,"85,46",72,"85,98",72
14/01/2022,"86,97",89,"91,8","85,7"
18/01/2022,"78,335","83,275","84,6","74,89"
19/01/2022,"75,6","73,95","76,5","71,42"
20/01/2022,"75,205",71,"75,59",71
21/01/2022,"78,98","74,765","81,815","74,765"
24/01/2022,93,"88,605","93,6","88,605"
25/01/2022,"93,58","92,385","95,51","92,385"
26/01/2022,"91,835","89,395","92,445","89,395"
27/01/2022,"92,3","92,25","92,9","90,31"
28/01/2022,"92,062","92,062","92,062","92,062"
31/01/2022,"84,67","84,85","84,85","84,85"
01/02/2022,"76,165","78,3","78,38","74,8"
02/02/2022,"77,35","77,15","79,1","76,29"
03/02/2022,"80,225","79,6","80,1","77,01"
04/02/2022,"82,65","81,47","82,45","81,47"
07/02/2022,"79,595","78,8","79,74","77,85"
08/02/2022,"77,3","81,48",82,"75,48"
09/02/2022,"74,415","76,695","76,695","73,835"
10/02/2022,"74,355","74,03","74,68","72,47"
11/02/2022,"77,425","73,415","76,4","73,305"
14/02/2022,"80,77","83,6","83,6","79,695"
15/02/2022,"70,92","76,06","76,17","68,515"
16/02/2022,"69,795","69,095",71,"68,97"
17/02/2022,"74,915","73,35","75,15","71,34"
18/02/2022,"73,76","72,975","73,9","70,57"
22/02/2022,"79,79","71,525","80,345","71,525"
23/02/2022,"88,89","83,175",88,"83,175"
24/02/2022,"134,315","106,1",135,"106,1"
25/02/2022,"94,422","94,422","94,422","94,422"
28/02/2022,"98,595","116,49","116,49","104,47"
01/03/2022,"121,675","103,665","119,27","103,665"
02/03/2022,"165,545","165,545","165,545","165,545"
03/03/2022,"160,825",148,148,"147,49"
04/03/2022,"192,55","192,55","192,55","192,55"
07/03/2022,"227,2","227,2","227,2","227,2"
08/03/2022,"214,555","214,555","214,555","214,555"
09/03/2022,"155,88","155,88","155,88","155,88"
10/03/2022,"126,4","126,4","126,4","126,4"
11/03/2022,"131,23","131,23","131,23","131,23"
14/03/2022,"114,52","114,52","114,52","114,52"
15/03/2022,"115,44","121,69","121,69","121,69"
16/03/2022,"102,625","102,625","102,625","102,625"
17/03/2022,"105,09","110,5","110,5","105,25"
18/03/2022,"105,045","105,045","105,045","105,045"
21/03/2022,"96,302","98,72","98,72","98,72"
22/03/2022,"98,745","98,745","98,745","98,745"
23/03/2022,117,117,117,117
24/03/2022,"111,61",116,116,116
25/03/2022,"101,27","101,27","101,27","101,27"
28/03/2022,"102,545","97,6","97,6","97,6"
29/03/2022,"108,38","108,38","108,38","108,38"
30/03/2022,"118,97","118,97","118,97","118,97"
31/03/2022,"125,905","125,905","125,905","125,905"
01/04/2022,"112,15","114,75","114,75","114,75"
04/04/2022,"109,525","109,525","109,525","109,525"
05/04/2022,"108,565","108,14","108,14","108,14"
06/04/2022,"106,79","106,79","106,79","106,79"
07/04/2022,"104,565","104,565","104,565","104,565"
08/04/2022,"103,88","103,88","103,88","103,88"
11/04/2022,"100,135","100,135","100,135","100,135"
12/04/2022,"102,22","103,75","103,75","103,75"
13/04/2022,"105,325","105,325","105,325","105,325"
14/04/2022,"95,62","95,62","95,62","95,62"
18/04/2022,"95,62","95,62","95,62","95,62"
19/04/2022,"93,77","93,77","93,77","93,77"
20/04/2022,"94,23","96,75","96,75","96,75"
21/04/2022,"100,06","100,06","100,06","100,06"
22/04/2022,"94,875","94,875","94,875","94,875"
25/04/2022,"92,835","92,835","92,835","92,835"
26/04/2022,"103,21","103,21","103,21","103,21"
27/04/2022,"107,425","107,425","107,425","107,425"
28/04/2022,"100,142","100,142","100,142","100,142"
29/04/2022,"99,45","99,45","99,45","99,45"
02/05/2022,"97,05","97,05","97,05","97,05"
03/05/2022,"99,425","99,425","99,425","99,425"
04/05/2022,"103,82","103,82","103,82","103,82"
05/05/2022,"106,51","106,51","106,51","106,51"
06/05/2022,"101,71","101,71","101,71","101,71"
09/05/2022,"93,785","96,315","96,315",95
10/05/2022,"98,8","98,8","98,8","98,8"
11/05/2022,"94,01","94,01","94,01","94,01"
12/05/2022,"106,7","106,7","106,7","106,7"
13/05/2022,"96,88","96,88","96,88","96,88"
16/05/2022,"92,86","92,86","92,86","92,86"
17/05/2022,"94,175","94,175","94,175","94,175"
18/05/2022,"94,54","96,475","96,475","96,475"
19/05/2022,"91,025","91,025","91,025","91,025"
20/05/2022,"87,9","87,9","87,9","87,9"
23/05/2022,"83,29","85,22","85,22","85,22"
24/05/2022,"84,505","86,875","86,875","86,875"
25/05/2022,"88,08","85,625","86,125","84,84"
26/05/2022,"85,97","85,97","85,97","85,97"
27/05/2022,"86,875","86,25","86,25","86,25"
31/05/2022,"94,005","94,005","94,005","94,005"
01/06/2022,"85,55","85,55","85,55","85,55"
02/06/2022,"83,945","83,945","83,945","83,945"
03/06/2022,"83,1","83,1","83,1","83,1"
06/06/2022,"82,56","83,005","83,005","83,005"
07/06/2022,"79,61","80,41","81,02","80,41"
08/06/2022,"79,405","79,405","79,405","79,405"
09/06/2022,"84,88","84,88","84,88","84,88"
10/06/2022,"82,465","82,465","82,465","82,465"
13/06/2022,"83,4","83,4","83,4","83,4"
14/06/2022,"97,04","97,04","97,04","97,04"
15/06/2022,"120,33","120,33","120,33","120,33"
16/06/2022,"124,365","124,365","124,365","124,365"
17/06/2022,"117,74","117,74","117,74","117,74"
21/06/2022,"125,56","125,56","125,56","125,56"
22/06/2022,"127,17","127,17","127,17","127,17"
23/06/2022,"133,345","133,345","133,345","133,345"
24/06/2022,"128,505","128,505","128,505","128,505"
27/06/2022,"129,46","129,46","129,46","129,46"
28/06/2022,"129,175","129,175","129,175","129,175"
29/06/2022,"139,588","139,588","139,588","139,588"
30/06/2022,"144,515","144,515","144,515","144,515"
01/07/2022,"147,785","147,785","147,785","147,785"
05/07/2022,"165,075","165,075","165,075","165,075"
06/07/2022,171,171,171,171
07/07/2022,"183,185","183,185","183,185","183,185"
08/07/2022,"175,21","175,21","175,21","175,21"
11/07/2022,"164,52","164,52","164,52","164,52"
12/07/2022,"172,61","172,61","172,61","172,61"
13/07/2022,"180,505","180,505","180,505","180,505"
14/07/2022,"175,035","175,035","175,035","175,035"
15/07/2022,"159,565","159,565","159,565","159,565"
18/07/2022,"157,26","157,26","157,26","157,26"
19/07/2022,"154,455","154,455","154,455","154,455"
20/07/2022,"155,04","155,04","155,04","155,04"
21/07/2022,"155,6","155,6","155,6","155,6"
22/07/2022,"159,865","159,865","159,865","159,865"
25/07/2022,"176,615","176,615","176,615","176,615"
26/07/2022,"199,92","199,92","199,92","199,92"
27/07/2022,"205,225","205,225","205,225","205,225"
28/07/2022,"198,93","198,93","198,93","198,93"
29/07/2022,"190,915","190,915","190,915","190,915"
01/08/2022,"200,795","200,795","200,795","200,795"
02/08/2022,"205,175","205,175","205,175","205,175"
03/08/2022,"199,195","199,195","199,195","199,195"
04/08/2022,"199,25","199,25","199,25","199,25"
05/08/2022,"196,32","196,32","196,32","196,32"
08/08/2022,"193,055","193,055","193,055","193,055"
09/08/2022,"192,185","192,185","192,185","192,185"
10/08/2022,"205,365","205,365","205,365","205,365"
11/08/2022,"208,11","208,11","208,11","208,11"
12/08/2022,"206,11","206,11","206,11","206,11"
15/08/2022,"220,11","220,11","220,11","220,11"
16/08/2022,"225,915","225,915","225,915","225,915"
17/08/2022,"225,835","225,835","225,835","225,835"
18/08/2022,"241,005","241,005","241,005","241,005"
19/08/2022,"244,55","244,55","244,55","244,55"
22/08/2022,"276,75","276,75","276,75","276,75"
23/08/2022,"269,05","269,05","269,05","269,05"
24/08/2022,"292,15","292,15","292,15","292,15"
25/08/2022,"321,415","321,415","321,415","321,415"
26/08/2022,"339,195","339,195","339,195","339,195"
29/08/2022,"272,605","272,605","272,605","272,605"
30/08/2022,"252,937","252,937","252,937","252,937"
31/08/2022,"239,905","239,905","239,905","239,905"
01/09/2022,"243,005","243,005","243,005","243,005"
02/09/2022,"214,665","214,665","214,665","214,665"
06/09/2022,"239,84","239,84","239,84","239,84"
07/09/2022,"213,885","213,885","213,885","213,885"
08/09/2022,"220,54","220,54","220,54","220,54"
09/09/2022,"207,09","207,09","207,09","207,09"
12/09/2022,"190,59","190,59","190,59","190,59"
13/09/2022,"198,61","198,61","198,61","198,61"
14/09/2022,"217,88","217,88","217,88","217,88"
15/09/2022,"214,285","214,285","214,285","214,285"
16/09/2022,"187,795","187,795","187,795","187,795"
19/09/2022,"182,26","182,26","182,26","182,26"
20/09/2022,"194,26","194,26","194,26","194,26"
21/09/2022,"189,78","189,78","189,78","189,78"
22/09/2022,"187,47","187,47","187,47","187,47"
23/09/2022,"185,495","185,495","185,495","185,495"
26/09/2022,"173,835","173,835","173,835","173,835"
27/09/2022,"186,1","186,1","186,1","186,1"
28/09/2022,"207,185","207,185","207,185","207,185"
29/09/2022,"187,665","187,665","187,665","187,665"
30/09/2022,"188,8","188,8","188,8","188,8"
03/10/2022,"169,91","169,91","169,91","169,91"
04/10/2022,"161,95","161,95","161,95","161,95"
05/10/2022,"173,695","173,695","173,695","173,695"
06/10/2022,"175,71","175,71","175,71","175,71"
07/10/2022,"156,205","156,205","156,205","156,205"
10/10/2022,"154,12","154,12","154,12","154,12"
11/10/2022,"156,78","156,78","156,78","156,78"
12/10/2022,"160,19","160,19","160,19","160,19"
13/10/2022,"153,81","153,81","153,81","153,81"
14/10/2022,"141,995","141,995","141,995","141,995"
17/10/2022,"127,98","127,98","127,98","127,98"
18/10/2022,"113,22","113,22","113,22","113,22"
19/10/2022,"112,51","112,51","112,51","112,51"
20/10/2022,"127,145","127,145","127,145","127,145"
21/10/2022,"113,575","113,575","113,575","113,575"
24/10/2022,"99,17","99,17","99,17","99,17"
25/10/2022,"99,795","99,795","99,795","99,795"
26/10/2022,"104,32","104,32","104,32","104,32"
27/10/2022,"107,385","107,385","107,385","107,385"
28/10/2022,"112,244","112,244","112,244","112,244"
31/10/2022,"123,35","123,35","123,35","123,35"
01/11/2022,"116,195","116,195","116,195","116,195"
02/11/2022,"125,865","125,865","125,865","125,865"
03/11/2022,"125,445","125,445","125,445","125,445"
04/11/2022,"114,785","114,785","114,785","114,785"
07/11/2022,"109,685","109,685","109,685","109,685"
08/11/2022,"118,145","118,145","118,145","118,145"
09/11/2022,"113,145","113,145","113,145","113,145"
10/11/2022,"113,45","113,45","113,45","113,45"
11/11/2022,"97,855","97,855","97,855","97,855"
14/11/2022,"113,705","113,705","113,705","113,705"
15/11/2022,"124,105","124,105","124,105","124,105"
16/11/2022,"113,9","113,9","113,9","113,9"
17/11/2022,"112,555","112,555","112,555","112,555"
18/11/2022,"115,51","115,51","115,51","115,51"
21/11/2022,"116,13","116,13","116,13","116,13"
22/11/2022,"119,64","119,64","119,64","119,64"
23/11/2022,"129,62","129,62","129,62","129,62"
25/11/2022,"124,37","124,37","124,37","124,37"
28/11/2022,"123,28","123,28","123,28","123,28"
29/11/2022,"132,286","132,286","132,286","132,286"
30/11/2022,"146,395","146,395","146,395","146,395"
01/12/2022,"139,26","139,26","139,26","139,26"
02/12/2022,"135,56","135,56","135,56","135,56"
05/12/2022,"134,7","134,7","134,7","134,7"
06/12/2022,"138,49","138,49","138,49","138,49"
07/12/2022,"149,245","149,245","149,245","149,245"
08/12/2022,"138,895","138,895","138,895","138,895"
09/12/2022,"139,115","139,115","139,115","139,115"
12/12/2022,"136,59","136,59","136,59","136,59"
13/12/2022,"137,53","137,53","137,53","137,53"
14/12/2022,"131,51","131,51","131,51","131,51"
15/12/2022,"134,765","134,765","134,765","134,765"
16/12/2022,"115,45","115,45","115,45","115,45"
19/12/2022,"108,545","108,545","108,545","108,545"
20/12/2022,"105,69","105,69","105,69","105,69"
21/12/2022,"97,75","97,75","97,75","97,75"
22/12/2022,"91,94","91,94","91,94","91,94"
23/12/2022,"82,975","82,975","82,975","82,975"
27/12/2022,"80,045","80,045","80,045","80,045"
28/12/2022,"81,35","81,35","81,35","81,35"
29/12/2022,"83,83","83,83","83,83","83,83"
30/12/2022,"76,315","76,315","76,315","76,315"
03/01/2023,"72,315","72,315","72,315","72,315"
04/01/2023,"65,02","65,02","65,02","65,02"
05/01/2023,"72,42","72,42","72,42","72,42"
06/01/2023,"69,535",72,76,68
09/01/2023,"74,3","71,05","75,4","70,1"
10/01/2023,"70,07",73,76,"70,2"
11/01/2023,"65,345","67,595","67,595","65,5"
12/01/2023,"66,81","69,6","69,6","67,6"
13/01/2023,"64,81","66,3","66,3","62,8"
17/01/2023,"60,06",65,65,"54,5"
18/01/2023,"61,71",60,"62,2",60
19/01/2023,"60,715","60,3","61,1","60,3"
20/01/2023,"66,9","66,5","66,5","66,5"
23/01/2023,66,"65,2","65,2","64,6"
24/01/2023,"58,27","58,27","58,27","58,27"
25/01/2023,"56,66","57,25","57,25","56,6"
26/01/2023,"54,815","56,6","56,6","56,6"
27/01/2023,"55,425","53,5","53,5",53
30/01/2023,"55,156","56,85","56,85","55,5"
31/01/2023,"57,35","60,2","60,2","57,4"
01/02/2023,"59,525","57,4","58,2","57,4"
02/02/2023,"57,04","57,1","57,1","56,7"
03/02/2023,"57,89",58,"59,2","57,9"
06/02/2023,"58,11","58,11","58,11","58,11"
07/02/2023,"55,405","57,4","57,7","55,5"
08/02/2023,"53,685","53,685","53,685","53,685"
09/02/2023,"52,735","52,735","52,735","52,735"
10/02/2023,"53,945","53,25","53,25","53,25"
13/02/2023,"51,705","51,705","51,705","51,705"
14/02/2023,"52,385",52,52,52
15/02/2023,"54,715","54,2","54,2","54,2"
16/02/2023,"52,01",54,54,54
17/02/2023,"49,045","49,7","49,7","49,5"
21/02/2023,"48,54","50,8","50,8","50,8"
22/02/2023,"50,57","50,57","50,57","50,57"
23/02/2023,"50,78","50,78","50,78","50,78"
24/02/2023,"51,015","51,015","51,015","51,015"
27/02/2023,"47,299","47,299","47,299","47,299"
28/02/2023,"46,665",48,48,"46,7"
01/03/2023,"47,085","47,25","48,2",47
02/03/2023,"46,815","47,5","47,5","47,3"
03/03/2023,"44,98","45,65","46,285","45,075"
06/03/2023,"42,15","43,3","43,3","41,7"
07/03/2023,"43,37","42,8","43,65","42,8"
08/03/2023,"42,34","44,6","44,6","44,6"
09/03/2023,"43,6","41,15","41,15","41,15"
10/03/2023,"52,855",48,"54,23","45,3"
13/03/2023,"49,585","49,25","51,825","48,8"
14/03/2023,"44,185","46,75","46,75","44,545"
15/03/2023,"42,905","43,85","43,9","42,65"
16/03/2023,"44,34",42,"44,65",42
17/03/2023,"42,855","43,8",44,"42,32"
20/03/2023,"39,325","40,1","40,7","38,855"
21/03/2023,"42,4","38,985","41,5","38,985"
22/03/2023,"39,975","41,55","41,55","39,945"
23/03/2023,"43,185","42,6","43,81","42,245"
24/03/2023,"41,095","41,75","41,75","41,75"
27/03/2023,"42,53","42,53","42,53","42,53"
28/03/2023,"42,75","42,83","42,83","42,83"
29/03/2023,"42,805","42,805","42,805","42,805"
30/03/2023,"43,609","43,609","43,609","43,609"
31/03/2023,"47,845","44,95","44,95","44,95"
03/04/2023,"51,365","49,9","51,835","49,9"
04/04/2023,"46,57","48,945","48,945","45,825"
05/04/2023,"44,575","46,6","47,2","44,4"
06/04/2023,"43,125","43,765",44,"42,895"
10/04/2023,"43,125","43,125","43,125","43,125"
11/04/2023,"43,69","43,1","44,365","42,425"
12/04/2023,"42,88","43,295","43,9","42,94"
13/04/2023,"42,095","42,6","42,605","41,945"
14/04/2023,"41,15","41,05","41,88","41,05"
17/04/2023,"41,125","42,185","42,185","41,05"
18/04/2023,"42,72","41,505","42,99","41,505"
19/04/2023,"40,3","42,425","42,425","39,805"
20/04/2023,"40,565","40,4","41,02","40,4"
21/04/2023,"40,165","40,65","41,15","39,95"
24/04/2023,"39,925","39,925","39,925","39,925"
25/04/2023,"39,835","39,835","39,835","39,835"
26/04/2023,"38,55","38,55","38,55","38,55"
27/04/2023,"39,039","39,039","39,039","39,039"
28/04/2023,"38,54","39,8","39,8","38,3"
01/05/2023,"38,835","38,835","38,835","38,835"
02/05/2023,"37,53","37,86","38,05","37,275"
03/05/2023,"36,78","37,495","37,495","36,4"
04/05/2023,"35,655","36,95","36,95","35,7"
05/05/2023,"36,575","35,925","36,79","35,925"
08/05/2023,"36,875","36,85","37,25","36,85"
09/05/2023,"35,95","36,625","36,91","35,8"
10/05/2023,"34,995","35,7",36,"34,74"
11/05/2023,"34,995","34,9","35,16","34,67"
12/05/2023,"32,765","33,95","33,95","32,35"
15/05/2023,"32,315","32,305","33,6",32
16/05/2023,"31,82","32,35","32,93","31,635"
17/05/2023,"31,955","32,6","32,6","32,175"
18/05/2023,"29,785","29,985","29,985","29,975"
19/05/2023,"30,175","30,175","30,175","30,175"
22/05/2023,"29,71","30,2","30,2","30,2"
23/05/2023,"29,125","29,125","29,125","29,125"
24/05/2023,"27,785","28,63","28,63","28,63"
25/05/2023,"25,45","26,9","26,9","25,29"
26/05/2023,"24,52","25,435","25,435","23,79"
30/05/2023,"24,681","24,681","24,681","24,681"
31/05/2023,"26,85","25,495","27,95","25,495"
01/06/2023,"23,105","25,2","25,2","23,43"
02/06/2023,"23,69","23,75","23,845","23,125"
05/06/2023,"28,48","24,25","28,695","24,25"
06/06/2023,"24,86","28,3","28,3","24,775"
07/06/2023,"26,33","25,35","26,99","25,2"
08/06/2023,"26,945","26,55","28,5","26,05"
09/06/2023,"32,05","27,15","33,015","27,15"
12/06/2023,"31,035","31,605","32,045","29,4"
13/06/2023,"36,05","33,65","35,15","33,65"
14/06/2023,"38,31","34,125","40,055","34,125"
15/06/2023,"41,145","37,35","43,53","37,35"
16/06/2023,"35,01","34,55","37,05","32,4"
20/06/2023,"38,71","32,65","39,35","31,88"
21/06/2023,"36,745","36,8","38,96","36,77"
22/06/2023,"34,095","36,9","36,935","34,055"
23/06/2023,"32,507","32,64",33,"32,385"
26/06/2023,"31,975","34,305","34,305","34,155"
27/06/2023,"34,505","32,905","32,905","32,35"
28/06/2023,"34,125","33,8","34,4","33,8"
29/06/2023,"35,18","32,3","33,05","32,3"
30/06/2023,"37,103","35,195","37,65","35,195"
03/07/2023,"33,93","37,82","37,82","33,995"
05/07/2023,"34,375","33,825","36,11","33,805"
06/07/2023,"32,35","33,24","33,24","32,3"
07/07/2023,"33,478","33,3","33,585","32,705"
10/07/2023,"30,225","32,83","32,83","29,555"
11/07/2023,"29,06","29,93","29,93","28,91"
12/07/2023,"26,64","28,455","28,58","26,32"
13/07/2023,"26,605","26,885","27,545","26,23"
14/07/2023,"25,957","27,57","28,7","25,11"
17/07/2023,"25,1","24,465","25,785","24,465"
18/07/2023,"27,07",26,"27,495","25,265"
19/07/2023,"26,965","27,155","28,13","25,59"
20/07/2023,"28,02","25,54","27,915","25,54"
21/07/2023,"28,164",30,"30,53","28,615"
24/07/2023,"30,555","28,15","30,425","28,15"
25/07/2023,"32,65","30,22","32,87","30,22"
26/07/2023,"29,275","32,78","32,78","29,065"
27/07/2023,"28,435","29,25","29,45","28,105"
28/07/2023,"25,841","27,275","27,275","26,05"
31/07/2023,"28,365","27,805","28,925","27,17"
01/08/2023,"27,125","29,115","29,115","26,98"
02/08/2023,"28,74","27,3","29,155","27,3"
03/08/2023,"30,475","29,875","31,35","29,68"
04/08/2023,"28,853","29,5","29,785","28,645"
07/08/2023,"30,485","29,8","31,07","29,55"
08/08/2023,"31,065","29,81","31,695","29,785"
09/08/2023,"39,825","33,15","43,245","33,15"
10/08/2023,"37,055","37,095","39,465","36,59"
11/08/2023,"35,3",37,"37,025","35,18"
14/08/2023,"34,435","36,65","36,655","33,725"
15/08/2023,"38,815","36,835","40,5","36,2"
16/08/2023,"37,785","41,83","41,83","37,16"
17/08/2023,"36,825","37,15","39,325","36,325"
18/08/2023,"36,41","36,265","37,75","35,685"
21/08/2023,"40,78","38,575","40,87","38,48"
22/08/2023,"42,91","39,355","44,7","39,355"
23/08/2023,"36,785","41,65","42,495","36,475"
24/08/2023,"31,94","33,165","33,48","31,725"
25/08/2023,"34,775","34,3","35,7","33,56"
28/08/2023,"38,415","35,495","38,48","35,495"
29/08/2023,"35,195","36,885","36,885","34,805"
30/08/2023,"35,992","34,425","36,1","34,425"
31/08/2023,"35,03",39,39,"34,82"
01/09/2023,"35,617","35,75","37,155","34,315"
05/09/2023,"34,45","36,25",37,"32,925"
06/09/2023,"31,075","33,68","34,1","30,8"
07/09/2023,"32,755","30,955","33,11","30,57"
08/09/2023,"34,51","35,09","36,86","33,985"
11/09/2023,"35,85","36,54","37,71","35,605"
12/09/2023,"34,7","35,13","36,575","34,335"
13/09/2023,"36,815","35,27","37,975","35,27"
14/09/2023,"35,52","37,45","37,72","35,18"
15/09/2023,"36,485","35,13","36,71","34,815"
18/09/2023,"34,475","34,495","35,82","33,95"
19/09/2023,"36,78","34,25","37,49","34,05"
20/09/2023,"37,285","38,575","39,27","35,675"
21/09/2023,"39,105","35,695","39,335","35,695"
22/09/2023,"39,791","39,915","41,735","39,455"
25/09/2023,"44,44","39,475","44,73","39,475"
26/09/2023,"40,32","42,85","42,98","39,3"
27/09/2023,"39,295",39,"39,8","38,72"
28/09/2023,"39,736","40,63","41,6","39,5"
29/09/2023,"41,859",43,43,"41,23"
02/10/2023,"39,335","40,61","40,61","38,555"
03/10/2023,"36,985","37,89","37,89","35,88"
04/10/2023,"38,44","37,6","38,645","36,965"
05/10/2023,"36,205","37,62","37,62","36,05"
06/10/2023,"38,231",36,"38,515","35,915"
09/10/2023,"43,955","41,17","44,535","40,62"
10/10/2023,"49,455","46,01","49,73","45,23"
11/10/2023,"46,07","48,685","49,53","45,675"
12/10/2023,53,"45,795","53,165","45,345"
13/10/2023,"53,982","53,31","55,67","51,185"
16/10/2023,"48,465","52,665","52,985","48,26"
17/10/2023,"48,895","48,21","49,39","46,405"
18/10/2023,"50,835","48,9","51,575","47,65"
19/10/2023,"50,17","48,93","50,61","46,835"
20/10/2023,"51,112","52,845","52,845","49,51"
23/10/2023,"51,275","48,23","51,61","48,23"
24/10/2023,"49,265","50,6","53,025","48,49"
25/10/2023,"49,925","50,28","51,105","48,91"
26/10/2023,"50,81",51,"52,2","49,51"
27/10/2023,"50,53",51,"51,595","49,85"
30/10/2023,"50,547","54,425","54,425","50,9"
31/10/2023,"48,005","51,49","51,96","47,65"
01/11/2023,"47,755","46,59","48,945","46,45"
02/11/2023,"48,565","48,175","49,345","46,225"
03/11/2023,"48,057","49,225","50,37","46,96"
06/11/2023,"44,83",47,47,"44,695"
07/11/2023,"46,055","45,24","47,05","45,005"
08/11/2023,"45,775","45,75","46,21",45
09/11/2023,"48,13","45,01","49,06","45,01"
10/11/2023,"46,63","47,045","47,355","45,735"
13/11/2023,"47,875","45,94","47,995","44,565"
14/11/2023,"47,61","46,895",48,"46,065"
15/11/2023,"47,035","48,495","49,38","46,485"
16/11/2023,"45,85","46,47","47,82","45,485"
17/11/2023,"45,064","46,1","46,75","44,85"
20/11/2023,"45,82","47,035","47,52","45,21"
21/11/2023,"44,065","46,175","46,175","43,205"
22/11/2023,"44,615","44,05","45,13","43,355"
24/11/2023,"46,655","46,25","47,18","44,93"
27/11/2023,"43,985","45,045","45,045","43,74"
28/11/2023,"42,775","44,095","44,095","42,07"
29/11/2023,"40,36","41,275","41,275","39,57"
30/11/2023,"42,09","40,44","43,03","40,375"
01/12/2023,"43,496","42,795","44,12","41,745"
04/12/2023,"40,105","41,815","41,9","39,905"
05/12/2023,"38,135","39,455","39,92","37,94"
06/12/2023,"39,315","38,995","39,78","38,92"
07/12/2023,"39,97","39,8","40,885","39,61"
08/12/2023,"38,6","41,275","41,65","38,595"
11/12/2023,"36,12","36,345","37,155","35,95"
12/12/2023,"34,705","36,43","36,535","34,535"
13/12/2023,"35,81","34,675","36,25","34,675"
14/12/2023,"34,85","36,65","36,65","34,585"
15/12/2023,"33,19","33,895","34,43","33,01"
18/12/2023,"35,52","33,635","37,385","32,465"
19/12/2023,"32,57","34,33","34,33","32,18"
20/12/2023,"33,52","34,56","34,56","32,905"
21/12/2023,"34,205","34,27","36,245","33,97"
22/12/2023,"34,174","34,56","34,665","33,48"
26/12/2023,"34,175","34,175","34,175","34,175"
27/12/2023,"35,515","36,875","36,875","35,5"
28/12/2023,"33,105","34,015","34,015","34,01"
29/12/2023,"32,35","33,55","34,065","31,635"
02/01/2024,"30,57","33,395","33,395","30,07"
03/01/2024,"32,795","30,485","33,205","30,485"
04/01/2024,"33,41","33,575","33,92","32,125"
05/01/2024,"34,55","32,46","35,045","32,46"
08/01/2024,"31,58","33,75","33,95","31,315"
09/01/2024,"30,64","30,405","31,8","30,23"
10/01/2024,"30,94","31,145","31,45","30,325"
11/01/2024,"30,815","30,7",31,"30,235"
12/01/2024,"31,99","31,46","32,2","30,93"
16/01/2024,"29,655","31,31","31,535","29,32"
17/01/2024,"27,71","29,135","29,6","27,44"
18/01/2024,"27,895","27,675","28,705","27,55"
19/01/2024,"28,429","28,6","29,13","28,175"
22/01/2024,"27,265","27,105","27,8","26,755"
23/01/2024,"27,225","27,375","27,78","26,725"
24/01/2024,"28,93","27,455","29,13","27,445"
25/01/2024,"27,785","28,8","29,215","27,485"
26/01/2024,"28,079","27,14","27,975","26,84"
29/01/2024,"28,175","28,54","28,95","28,155"
30/01/2024,"29,391","28,05","28,55","28,05"
31/01/2024,"30,235","29,49","31,05","29,18"
01/02/2024,"28,99","30,14","30,715","28,8"
02/02/2024,"29,305","28,63","29,54","28,63"
05/02/2024,"28,34","29,85","29,85","28,08"
06/02/2024,"28,605","28,42","29,2","27,8"
07/02/2024,"28,185","28,225","28,845","28,005"
08/02/2024,"27,81","28,15","28,505","27,665"
09/02/2024,"27,115","27,255","27,45","26,65"
12/02/2024,"25,73","26,18","26,325","25,63"
13/02/2024,"25,435","26,15","26,495","25,25"
14/02/2024,"24,855","25,105","25,415","24,555"
15/02/2024,"24,965","24,85","25,7","24,805"
16/02/2024,"24,82","25,2","25,2","24,415"
20/02/2024,"24,17","24,355","24,69","23,425"
21/02/2024,"23,975","24,1","24,25","23,655"
22/02/2024,"23,195","23,975","23,975","22,75"
23/02/2024,"22,934","22,77","23,45","22,65"
26/02/2024,"24,01","23,2","24,2","23,075"
27/02/2024,"24,39","23,25","24,75","23,25"
28/02/2024,"25,619","25,625","25,65","25,32"
29/02/2024,"24,865","25,55","25,55","24,795"
01/03/2024,"25,809","25,275","25,9","25,125"
04/03/2024,"26,885","25,2","27,28","24,87"
05/03/2024,"27,47","26,66","28,685","26,66"
06/03/2024,"26,57","27,065","28,56","26,15"
07/03/2024,"25,99","26,015","26,925","25,76"
08/03/2024,"26,39","26,335","26,79","25,975"
11/03/2024,"24,93","25,97","26,465","24,76"
12/03/2024,"24,775","25,01","25,01","24,355"
13/03/2024,"24,905","25,1","25,425","24,555"
14/03/2024,"26,05","24,675","26,6","24,675"
15/03/2024,"27,026","26,255","27,295",26
18/03/2024,"28,82","28,025","29,15","28,025"
19/03/2024,"28,865","28,9","29,675","27,8"
20/03/2024,"27,74","28,385","28,745","27,415"
21/03/2024,"26,4","27,045","27,39","26,35"
22/03/2024,"27,776","26,525","27,875","26,525"
25/03/2024,"28,49","28,825","29,07","28,07"
26/03/2024,"27,13","27,61","28,105","27,15"
27/03/2024,"27,687","27,35","27,35","27,15"
28/03/2024,"27,34","27,55","28,125","27,195"
01/04/2024,"27,34","27,34","27,34","27,34"
02/04/2024,"26,205","27,35","27,5","26,045"
03/04/2024,"25,565","25,7","25,955","25,185"
04/04/2024,"26,205","25,685","26,555","25,52"
05/04/2024,"26,605","26,56","27,025","26,07"
08/04/2024,"27,91","26,495","28,205","26,46"
09/04/2024,"27,35","27,955","28,57","27,18"
10/04/2024,"27,1","27,53","27,87","26,825"
11/04/2024,"29,375","27,75","29,685","27,645"
12/04/2024,"30,732","29,565","30,98","28,95"
15/04/2024,"31,145","31,23","31,56","29,85"
16/04/2024,"33,14","32,02","33,71","31,845"
17/04/2024,"31,29","33,7","33,7","31,2"
18/04/2024,"32,31","30,98","32,615","30,39"
19/04/2024,"30,758","33,615","33,715","30,575"
22/04/2024,"29,31","29,85","30,425","29,075"
23/04/2024,"28,415","28,965","29,905","28,4"
24/04/2024,"29,02","29,12","29,33","28,2"
25/04/2024,"29,77","29,645","30,65","29,36"
26/04/2024,"28,885","29,865","30,265","29,265"
29/04/2024,"27,994","27,994","27,994","27,994"
30/04/2024,"29,12","28,45","29,505","28,45"
01/05/2024,"28,73","28,7","29,055","28,475"
02/05/2024,"30,915","28,525","31,175","28,525"
03/05/2024,"30,53","30,71","31,78","30,045"
06/05/2024,"31,8","30,72","32,175","30,72"
07/05/2024,"31,065","31,6","32,145","30,565"
08/05/2024,"30,61","30,585","31,05","30,045"
09/05/2024,"30,865","30,835","31,5","30,44"
10/05/2024,"30,03","30,74","31,565","29,655"
13/05/2024,"29,58","29,595","29,875","29,165"
14/05/2024,"29,67","29,765","30,2","29,33"
15/05/2024,"29,735","29,585","30,55","29,5"
16/05/2024,"30,25","29,51","30,75","29,51"
17/05/2024,"30,769","30,88","31,02","30,25"
20/05/2024,"31,77","31,32","32,17","31,245"
21/05/2024,"33,005","31,625","33,205","31,33"
22/05/2024,"34,39","32,88","34,75","32,83"
23/05/2024,"35,23","34,62","36,165","33,855"
24/05/2024,"34,115","35,6","35,6","33,5"
28/05/2024,"33,535","34,41","34,8","33,38"
29/05/2024,"33,88","34,135","34,3","33,4"
30/05/2024,"35,192","33,875","34,545","33,6"
31/05/2024,"34,223","35,28","35,7","34,13"
03/06/2024,"36,015","36,23","38,5","35,695"
04/06/2024,"33,795","36,075","36,48","33,69"
05/06/2024,"33,355","33,75","34,38","33,175"
06/06/2024,"33,685","33,225","34,15","32,96"
07/06/2024,"33,109","32,885","33,405","32,815"
10/06/2024,"34,26","33,005","34,675","32,43"
11/06/2024,"34,285","33,675","35,335","33,58"
12/06/2024,"35,295","34,055","36,025","33,93"
13/06/2024,"35,725","35,665","36,75","35,56"
14/06/2024,"35,36","35,375","36,045","34,85"
17/06/2024,"34,21","35,4","35,4","34,2"
18/06/2024,"34,7","34,28","35,05","34,28"
20/06/2024,"34,465","34,53","35,69","34,25"
21/06/2024,"33,936","34,4","34,555","33,87"
24/06/2024,"34,08","33,8","34,55","33,8"
25/06/2024,"34,855","34,325","34,875","34,325"
26/06/2024,"33,825","35,15","35,15","34,85"
27/06/2024,"34,565","34,125","34,25","34,125"
28/06/2024,"34,48","34,675","34,745","34,05"
01/07/2024,"33,485","34,5","34,945","33,42"
02/07/2024,"33,685","33,525","33,87","33,175"
03/07/2024,"32,69","33,25","33,39","32,645"
05/07/2024,"33,065","32,505","33,8","32,415"
08/07/2024,"32,285","33,195","33,7","32,05"
09/07/2024,"31,335","32,175","32,175","30,95"
10/07/2024,"30,785","31,25","31,695","30,635"
11/07/2024,"31,11","30,85","31,405","30,405"
12/07/2024,"31,72","31,27","32,285","30,92"
15/07/2024,"31,37","31,86","31,93","31,075"
16/07/2024,"32,795","31,495","33,02","31,495"
17/07/2024,"31,895","32,905","33,25","31,6"
18/07/2024,"32,675","31,84","32,755","31,82"
19/07/2024,"32,17","32,53","32,53","31,725"
22/07/2024,"31,84","31,8","31,95","31,195"
23/07/2024,"31,62","31,62","31,83","31,335"
24/07/2024,"32,62","31,525","32,945","31,52"
25/07/2024,"31,78","32,38","32,38","31,69"
26/07/2024,"32,475","32,135","32,78","32,135"
29/07/2024,"33,875","33,475","33,93","33,35"
30/07/2024,"34,361","33,74","34,3","33,74"
31/07/2024,"35,87","35,735","35,95","35,105"
01/08/2024,"36,97","36,14","37,02","35,81"
02/08/2024,"36,65","36,67","37,09","36,07"
05/08/2024,"35,5","36,77","36,77","34,825"
06/08/2024,"36,675","36,25","37,025","36,055"
07/08/2024,"38,45","36,755","38,76","35,935"
08/08/2024,"40,095","38,62","40,3","38,195"
09/08/2024,"40,395","40,035","40,715","39,575"
12/08/2024,"39,66","39,625","42,86","39,265"
13/08/2024,"39,48","39,395","40,395","38,795"
14/08/2024,"38,965","39,57","40,175","38,66"
15/08/2024,"39,6","39,095","39,905","38,84"
16/08/2024,"39,645","39,69","40,06","39,19"
19/08/2024,"39,845","39,265","40,4","39,105"
20/08/2024,"37,955","39,295","40,075","37,62"
21/08/2024,"37,01","37,91","38,465","36,905"
22/08/2024,"36,585","37,225","37,565","36,2"
23/08/2024,"36,865","36,975","37,32","36,15"
26/08/2024,"37,655","36,775","37,855","36,175"
27/08/2024,"38,69","37,475","38,9","37,405"
28/08/2024,"38,52","39,3","39,3","38,7"
29/08/2024,"38,601","38,55","38,985","38,145"
30/08/2024,"39,825","38,985","40,235","38,85"
03/09/2024,"37,195","39,845","39,845","36,99"
04/09/2024,"35,8","36,815",37,"35,605"
05/09/2024,"36,195","35,705","36,71","35,605"
06/09/2024,"36,48","37,05","37,535","36,35"
09/09/2024,"37,335","36,9","37,475","36,35"
10/09/2024,"35,28","37,395","37,845","34,895"
11/09/2024,"36,14","35,45","36,295","34,885"
12/09/2024,"35,19","35,83","35,85","34,845"
13/09/2024,"35,648","35,405","36,175","35,145"
16/09/2024,"34,081","35,11","35,145","33,965"
17/09/2024,"35,547","34,15","35,75","34,125"
18/09/2024,"35,245","35,185","35,745","34,705"
19/09/2024,"33,083","35,98","36,695","32,525"
20/09/2024,"34,444","34,485","35,08","33,865"
23/09/2024,"36,211","34,9","36,295","34,57"
24/09/2024,"35,413","35,413","35,413","35,413"
25/09/2024,"37,319","36,365","37,505","36,145"
26/09/2024,"37,89","37,03","37,92","36,7"
27/09/2024,"38,114","37,28","38,125","37,28"
30/09/2024,"39,044","39,205","39,27","38,705"
01/10/2024,"39,273","38,395","39,6","37,445"
02/10/2024,"38,617","39,9","39,9","38,425"
03/10/2024,"39,912","38,395","39,83","38,145"
04/10/2024,"40,98","39,625","41,17","39,375"
07/10/2024,"40,244","40,205","40,945","39,505"
08/10/2024,"38,919","40,18","40,18","38,7"
09/10/2024,"38,341","38,405","39,16","38,1"
10/10/2024,"40,293","38,405","40,35","38,405"
11/10/2024,"39,879","39,865","40,575","39,52"
14/10/2024,"40,559","39,32","40,705","39,235"
15/10/2024,"39,973","39,85","40,09","38,975"
16/10/2024,"39,241","40,205","40,26","39,155"
17/10/2024,"39,65","39,45","40,03","39,31"
18/10/2024,"39,204","39,74","39,74","39,105"
21/10/2024,"40,024","39,81","40,215","39,65"
22/10/2024,"40,704","39,93","41,005","39,79"
23/10/2024,"41,38","40,8","41,75","40,65"
24/10/2024,"42,154","41,85","42,63","41,75"
25/10/2024,"43,513","42,2","43,57","42,2"
28/10/2024,"42,519","42,5","42,725","41,88"
29/10/2024,"42,869","43,44","43,605","43,2"
30/10/2024,"40,903","41,565","41,565","41,125"
31/10/2024,"40,588","41,225","41,49","38,07"
01/11/2024,"39,175","39,325","40,38","38,55"
04/11/2024,"40,301","39,495","40,525","39,43"
05/11/2024,"40,492","40,33","41,2","40,305"
06/11/2024,"40,388","40,1","40,75","39,04"
07/11/2024,"41,276","40,505","41,575","40,385"
08/11/2024,"42,409","42,325","43,055","41,975"
11/11/2024,"43,728","41,675","44,11","41,675"
12/11/2024,"44,255","43,82","44,435",43
13/11/2024,"43,666","43,625","44,105","42,2"
14/11/2024,"46,224","45,505","46,51","44,995"
15/11/2024,"46,551",46,"47,41","45,45"
18/11/2024,"46,9","45,48","47,125","45,385"
19/11/2024,"45,668","46,655","47,315","45,6"
20/11/2024,"46,796","45,36","47,23","45,275"
21/11/2024,"48,303","47,12","48,725","47,12"
22/11/2024,"47,018","49,05","49,24","46,775"
25/11/2024,"47,733","47,665","48,88","47,4"
26/11/2024,"47,216","47,38","48,29","46,13"
27/11/2024,"46,762","46,535","46,8",46
29/11/2024,"47,811","47,48","47,95","46,235"
02/12/2024,"48,655","48,86","49,295","48,35"
03/12/2024,"48,557","48,93","49,05","48,25"
04/12/2024,"47,046","48,1","48,15","46,71"
05/12/2024,"46,551","47,51","47,56","46,005"
06/12/2024,"46,48","46,25","46,7","45,95"
09/12/2024,"44,855","46,2","46,305","44,74"
10/12/2024,"45,552","44,55","45,845","44,45"
11/12/2024,"44,694","45,25","45,96","44,4"
12/12/2024,"42,804","44,4","44,45","42,495"
13/12/2024,"41,215","42,54","43,245","41,01"
16/12/2024,"40,277","40,185","40,585","38,955"
17/12/2024,"42,065","40,5","42,145","39,955"
18/12/2024,"41,007","42,355","42,4","40,63"
19/12/2024,"43,078","41,475","43,615","39,835"
20/12/2024,"44,13","43,875","44,465","42,785"
23/12/2024,"45,545","44,335","45,835","43,8"
24/12/2024,"45,731","45,75","46,55","45,3"
26/12/2024,"45,731","45,731","45,731","45,731"
27/12/2024,"47,731","47,18","47,93","46,8"
30/12/2024,"47,633","48,3","48,3","47,235"
31/12/2024,"48,889","48,35","50,53","48,225"
02/01/2025,"50,273","50,215","50,695","48,615"
03/01/2025,"49,622","49,905","50,35","49,385"
06/01/2025,"47,326","49,1","49,25","46,94"
07/01/2025,"47,474","46,75","47,86","45,985"
08/01/2025,"45,559","47,995","47,995","45,14"
09/01/2025,"44,987","45,095","45,48","43,895"
10/01/2025,"45,008","44,85","45,785","43,225"
13/01/2025,"48,261","46,65","48,57","46,65"
14/01/2025,"46,947","48,53","48,605","46,605"
15/01/2025,"47,006","47,45","47,75","46,45"
16/01/2025,"46,241","46,205","46,41","45,7"
17/01/2025,"46,887",46,"47,405","45,765"
21/01/2025,"50,027","46,65","50,225","46,15"
22/01/2025,"48,716","50,085","50,7","48,55"
23/01/2025,"49,123","48,83","50,3","48,6"
24/01/2025,"49,702","49,585","49,91","48,205"
27/01/2025,"47,862","48,825","48,9","47,83"
28/01/2025,"48,224","48,2","48,615","48,05"
29/01/2025,"51,156","49,74","51,33","49,74"
30/01/2025,"51,726","52,02","52,54","51,53"
31/01/2025,"53,237",52,"53,755","51,945"
03/02/2025,"53,794","54,2","54,62","52,85"
04/02/2025,"52,048","52,905","53,395","51,39"
05/02/2025,"53,438","51,85","53,905","51,85"
06/02/2025,"54,502","53,91","55,465","53,55"
07/02/2025,"55,723","53,815","56,05","53,66"
10/02/2025,"58,039","57,3","58,695","57,255"
11/02/2025,"57,766","57,13","59,335","56,375"
12/02/2025,"55,661","56,2",57,"54,23"
13/02/2025,"51,383","55,66","55,66","50,565"
14/02/2025,"50,685","50,05","51,6","48,39"
18/02/2025,"49,215","50,005","50,895","46,84"
19/02/2025,"48,264",50,"50,395","47,12"
20/02/2025,"47,494","47,35","48,6","47,065"
21/02/2025,"47,195","47,65","48,225","46,105"
24/02/2025,"47,144","46,135","47,26","45,11"
25/02/2025,"44,291","45,435","45,835","43,75"
26/02/2025,"41,336","41,336","41,336","41,336"
27/02/2025,"44,93","44,375","44,56","44,375"
28/02/2025,"44,32","46,5","46,545","44,11"
03/03/2025,"45,213","46,95","47,23","44,53"
04/03/2025,"43,464","45,315","45,315","42,51"
05/03/2025,"41,508","43,485","43,905","40,85"
06/03/2025,"38,24","41,875",42,"37,705"
07/03/2025,"39,971","37,325","41,5","37,205"
10/03/2025,"41,232","40,07","41,37","39,65"
11/03/2025,"42,71","41,405","43,56","40,865"
12/03/2025,"42,254","42,645","43,345","41,295"
13/03/2025,"42,076","42,455","43,625","40,545"
14/03/2025,"42,29","41,3","42,895","41,145"
17/03/2025,"41,248","41,395","42,005","40,35"
18/03/2025,"40,755","41,45","41,625","39,85"
19/03/2025,"43,355","42,505","43,94","41,96"
20/03/2025,"42,855","43,86","44,15","42,675"
21/03/2025,"42,605","44,755","44,755","42,03"
24/03/2025,"42,748","42,405","42,69","41,24"
25/03/2025,"41,555","42,05","42,63","41,16"
26/03/2025,"40,87","40,555","41,255","40,555"
27/03/2025,"41,202","41,1","41,425","41,1"
28/03/2025,"40,587","40,9","40,9","40,9"
31/03/2025,"40,667","40,825","41,385","39,885"
01/04/2025,"42,45","40,875","42,7","40,45"
02/04/2025,"41,263","42,475","42,95","40,87"
03/04/2025,"39,203","39,75","40,46","38,455"
04/04/2025,"36,401","39,25","39,25","35,265"
07/04/2025,37,"34,645","38,56","33,595"
08/04/2025,"36,231","36,335","36,96","35,58"
09/04/2025,"33,666","34,6","35,395","33,305"
10/04/2025,"33,293","34,65","35,14","33,15"
11/04/2025,"33,463","33,725","34,055","32,805"
14/04/2025,"34,499","34,275","34,785","33,71"
15/04/2025,"34,407","34,5","35,525","34,17"
16/04/2025,"35,312","33,905","35,63","33,905"
17/04/2025,"35,657","35,6","35,835","35,305"
21/04/2025,"35,657","35,657","35,657","35,657"
22/04/2025,"34,244","35,85","35,85","34,025"
23/04/2025,"34,16","34,675","34,975","33,925"
24/04/2025,"33,574","34,05","34,14","33,08"
25/04/2025,"32,432","33,445","33,445","31,95"
28/04/2025,"32,398","32,7","32,7","32,275"
29/04/2025,"31,856","30,9","31,5","30,9"
30/04/2025,"32,317","31,875","32,755","31,655"
01/05/2025,"32,149","32,03","32,28","31,65"
02/05/2025,"33,078","32,095","33,63","32,085"
05/05/2025,"32,93","32,79","33,065","32,6"
06/05/2025,"34,743","33,34","35,085","33,235"
07/05/2025,"34,531","34,615","35,515","34,115"
08/05/2025,"35,341","34,22","35,745","34,22"
09/05/2025,"34,618","35,7","35,99","34,32"
12/05/2025,"35,39","34,555","36,305","34,545"
13/05/2025,"35,744","35,015","36,15","35,01"
14/05/2025,"35,048","35,65","35,68","34,425"
15/05/2025,"35,294","35,345","35,495","34,45"
16/05/2025,"35,156","35,35","35,935","34,785"
19/05/2025,"35,225",35,"35,46","34,9"
20/05/2025,"36,979","35,26","37,14","35,235"
21/05/2025,"36,621","37,25","37,775","36,43"
22/05/2025,"36,356","36,54","37,04","36,11"
23/05/2025,"36,45","36,4","36,77","35,88"
27/05/2025,"37,006","36,975","36,975","36,685"
28/05/2025,"36,687","36,8","36,99","36,8"
29/05/2025,"35,158","35,158","35,158","35,158"
30/05/2025,"34,228","34,955","35,355","33,855"
02/06/2025,"35,015","34,1","35,485","34,1"
03/06/2025,"35,848","35,265",36,"34,97"
04/06/2025,"35,65","36,005","36,365","35,415"
05/06/2025,"36,393","35,705","36,59","35,705"
06/06/2025,"36,251","36,55","36,72","35,955"
09/06/2025,"35,605","36,145","36,245","35,45"
10/06/2025,"34,638","35,555","35,555","34,55"
11/06/2025,"35,913","35,165","35,9","35,06"
12/06/2025,"36,177","36,405","36,5","35,765"
13/06/2025,"37,894","37,595","38,46","37,105"
16/06/2025,"37,906","38,67","39,485","37,395"
17/06/2025,"39,309","38,18","39,7","38,175"
18/06/2025,"38,693","39,55","40,365","38,655"
19/06/2025,"41,485","41,485","41,795","39,88"
20/06/2025,"40,929","39,955","41,795","39,88"
23/06/2025,"40,522","41,6","41,9","40,29"
24/06/2025,"35,615","36,485","36,55","35,085"
25/06/2025,"35,401","35,45","35,945","35,12"
26/06/2025,"34,024","35,305","35,31","34,05"
27/06/2025,"33,087","33,087","33,087","33,087"
30/06/2025,"32,898","33,35","33,45","32,7"
01/07/2025,"33,693","33,1","33,845","32,885"
02/07/2025,"33,591","33,98","34,425","33,21"
03/07/2025,"33,621","33,65","34,21","33,435"
04/07/2025,"33,43","33,95","33,95","33,275"
07/07/2025,"33,621","33,21","34,045","32,985"
08/07/2025,"34,219","34,005","34,59","33,895"
09/07/2025,"34,304","34,32","34,9","34,275"
10/07/2025,"35,17","34,655","35,35","34,655"
11/07/2025,"35,561","34,93","35,615","34,755"
14/07/2025,"35,454","35,54","36,32","35,09"
15/07/2025,"34,445","35,105","35,145","34,205"
16/07/2025,"34,809","34,655","35,115","34,45"
17/07/2025,"34,407","35,14","35,25","34,325"
18/07/2025,"33,595","34,6","34,6","33,43"
21/07/2025,"33,159","33,83","33,915","33,125"
22/07/2025,"33,111","33,215","33,405","32,95"
23/07/2025,"32,69","33,505","33,695","32,605"
24/07/2025,"32,358","32,385","32,435","32,175"
25/07/2025,"32,499","32,1","32,65","32,1"
28/07/2025,"32,899","32,295","33,03","32,13"
29/07/2025,"34,103","34,103","34,103","34,103"
30/07/2025,"34,537","33,65","33,65","33,65"
31/07/2025,"35,279","34,685","35,425","34,645"
01/08/2025,"33,972","35,15","35,16","33,77"
04/08/2025,"34,283","34,065","34,37","33,66"
05/08/2025,"34,406","34,19","34,44","33,79"
06/08/2025,"33,257","33,995","34,105","33,08"
07/08/2025,"32,951","32,95","33,15","32,845"
08/08/2025,"32,446","32,78","33,41","32,155"
11/08/2025,"32,999","32,49","33,125","32,4"
12/08/2025,"32,409","33,065","33,065","32,215"
13/08/2025,"32,6","32,615","32,8","32,485"
14/08/2025,"32,141","32,86","32,86","31,95"
15/08/2025,"31,031","31,975","31,975","30,795"
18/08/2025,"31,272","30,65","31,485","30,65"
19/08/2025,"31,227","30,725","31,375","30,725"
20/08/2025,"31,906","31,375","32,275","31,225"
21/08/2025,"33,175","32,245","33,395","32,015"
22/08/2025,"33,573","33,4","33,6","33,065"
25/08/2025,"33,774","33,275","33,82","33,25"
26/08/2025,"33,46","33,6","33,69","33,3"
27/08/2025,"32,551","32,7","32,815","32,59"
28/08/2025,"31,559","31,275","31,275","31,275"
29/08/2025,"31,622","31,75","31,87","31,6"
01/09/2025,"32,275","32,275","32,285","31,88"
02/09/2025,"31,772","32,2","32,625","31,665"
03/09/2025,"32,112","31,525","32,36","31,42"
04/09/2025,"32,412","31,84","32,605","31,84"
05/09/2025,"31,969","32,52","32,705","31,91"
08/09/2025,"33,064","32,2","33,12","32,2"
09/09/2025,"32,931","33,085","33,11","32,225"
10/09/2025,"33,122","33,24","33,42","33,005"
11/09/2025,"32,323","32,51","32,59","32,31"
12/09/2025,"32,662","32,395","32,8","32,065"
15/09/2025,"32,154","32,2","32,4",32
16/09/2025,"32,329","31,91","32,45","31,91"
17/09/2025,"32,401","32,605","32,76","32,335"
18/09/2025,"32,952","32,555","33,035","32,545"
19/09/2025,"32,308","32,66","32,965","32,17"
22/09/2025,"31,844","32,1","32,2","31,765"
23/09/2025,"32,265","32,03","32,7","31,99"
24/09/2025,"31,903","32,16","32,39",32
25/09/2025,"32,456","32,405","32,565","32,35"
26/09/2025,"32,697","32,655","32,71","32,525"
29/09/2025,"32,06","32,28","32,28","32,1"
30/09/2025,"31,411","32,255","32,255","31,43"
01/10/2025,"31,335","31,275","31,385","30,79"
02/10/2025,"31,455","31,445","31,475","31,055"
03/10/2025,"31,438","31,105","31,625","30,97"
06/10/2025,"33,116","32,45","33,215","32,425"
07/10/2025,"33,246","33,5","33,625","33,04"
08/10/2025,"32,7","33,57","33,57","32,645"
09/10/2025,"32,363","32,195","32,52","32,065"
10/10/2025,"32,17","32,08","32,185","31,88"
13/10/2025,"31,475","31,825","31,845","31,345"
14/10/2025,"31,801","31,46","31,86","31,46"
15/10/2025,"31,826","31,75","31,85","31,44"
16/10/2025,"32,378","32,265","32,65","32,165"
17/10/2025,"31,816","32,195","32,315","31,84"
20/10/2025,"31,739","31,775","31,775","31,59"
21/10/2025,"32,2","31,435","32,27","31,435"
22/10/2025,"31,768","32,05","32,185","31,67"
23/10/2025,"32,454","32,25","32,795","32,25"
24/10/2025,"32,016","32,2","32,2","31,855"
27/10/2025,"31,4","31,38","31,44","31,285"
28/10/2025,"31,494","31,315","31,71","31,315"
29/10/2025,"31,869","31,869","31,869","31,869"
30/10/2025,"31,048",36,36,36
31/10/2025,"31,122","31,185","31,335","31,095"
03/11/2025,"31,741","31,555","31,88","31,535"
04/11/2025,"32,551","31,94","32,495","31,93"
05/11/2025,"31,819","32,1","32,12","31,695"
06/11/2025,"31,548","31,445","31,725","31,445"
07/11/2025,"31,201","31,49","31,505","31,145"
10/11/2025,"31,071","31,3","31,465","30,84"
11/11/2025,"31,102","31,04","31,18","30,885"
12/11/2025,"30,933","31,365","31,365","30,8"
13/11/2025,"30,458","31,01","31,01","30,375"
14/11/2025,"31,25","30,745","31,08","30,59"
17/11/2025,"31,418","31,475","31,6","31,23"
18/11/2025,"31,694","31,694","31,95","31,49"
19/11/2025,"30,94","31,155","31,18","30,675"